-- MySQL dump 10.13  Distrib 5.6.17, for Win32 (x86)
--
-- Host: localhost    Database: tmp
-- ------------------------------------------------------
-- Server version	5.6.23-log

/*!40101 SET @OLD_CHARACTER_SET_CLIENT=@@CHARACTER_SET_CLIENT */;
/*!40101 SET @OLD_CHARACTER_SET_RESULTS=@@CHARACTER_SET_RESULTS */;
/*!40101 SET @OLD_COLLATION_CONNECTION=@@COLLATION_CONNECTION */;
/*!40101 SET NAMES utf8 */;
/*!40103 SET @OLD_TIME_ZONE=@@TIME_ZONE */;
/*!40103 SET TIME_ZONE='+00:00' */;
/*!40014 SET @OLD_UNIQUE_CHECKS=@@UNIQUE_CHECKS, UNIQUE_CHECKS=0 */;
/*!40014 SET @OLD_FOREIGN_KEY_CHECKS=@@FOREIGN_KEY_CHECKS, FOREIGN_KEY_CHECKS=0 */;
/*!40101 SET @OLD_SQL_MODE=@@SQL_MODE, SQL_MODE='NO_AUTO_VALUE_ON_ZERO' */;
/*!40111 SET @OLD_SQL_NOTES=@@SQL_NOTES, SQL_NOTES=0 */;

--
-- Table structure for table `account_mapping`
--
Create database tlsprod;
use tlsprod;
DROP TABLE IF EXISTS `account_mapping`;
/*!40101 SET @saved_cs_client     = @@character_set_client */;
/*!40101 SET character_set_client = utf8 */;
CREATE TABLE `account_mapping` (
  `ID` int(11) NOT NULL AUTO_INCREMENT,
  `ORGANIZATION` int(11) DEFAULT NULL,
  `IBG` int(11) DEFAULT NULL,
  `IBU` int(11) DEFAULT NULL,
  `ACCOUNT` int(11) DEFAULT NULL,
  `CREATED_ON` timestamp NOT NULL DEFAULT CURRENT_TIMESTAMP ON UPDATE CURRENT_TIMESTAMP,
  `CREATED_BY` int(11) NOT NULL,
  `UPDATED_ON` timestamp NOT NULL DEFAULT '0000-00-00 00:00:00',
  `UPDATED_BY` int(11) DEFAULT NULL,
  PRIMARY KEY (`ID`),
  KEY `ACCOUNT_MAPPING_ACCOUNT` (`IBU`),
  KEY `ACCOUNT_MAPPING_ORG` (`ORGANIZATION`),
  KEY `ACCOUNT_MAPPING_USER_CREATE` (`CREATED_BY`),
  KEY `ACCOUNT_MAPPING_USER_UPDATE` (`UPDATED_BY`),
  KEY `ACCOUNT_MAPPING_PROJECT_idx` (`ACCOUNT`),
  CONSTRAINT `ACCOUNT_MAPPING_ACCOUNT` FOREIGN KEY (`ACCOUNT`) REFERENCES `admin_info_key_value_mapping` (`ID`),
  CONSTRAINT `ACCOUNT_MAPPING_IBU` FOREIGN KEY (`IBU`) REFERENCES `admin_info_key_value_mapping` (`ID`),
  CONSTRAINT `ACCOUNT_MAPPING_ORG` FOREIGN KEY (`ORGANIZATION`) REFERENCES `admin_info_key_value_mapping` (`ID`),
  CONSTRAINT `ACCOUNT_MAPPING_USER_CREATE` FOREIGN KEY (`CREATED_BY`) REFERENCES `user` (`ID`),
  CONSTRAINT `ACCOUNT_MAPPING_USER_UPDATE` FOREIGN KEY (`UPDATED_BY`) REFERENCES `user` (`ID`)
) ENGINE=InnoDB AUTO_INCREMENT=6 DEFAULT CHARSET=utf8;
/*!40101 SET character_set_client = @saved_cs_client */;

--
-- Dumping data for table `account_mapping`
--

LOCK TABLES `account_mapping` WRITE;
/*!40000 ALTER TABLE `account_mapping` DISABLE KEYS */;
INSERT INTO `account_mapping` VALUES (1,7,8,9,10,'2018-06-27 11:41:53',1,'0000-00-00 00:00:00',NULL),(2,7,8,9,11,'2018-06-27 11:41:53',1,'0000-00-00 00:00:00',NULL),(3,7,8,9,12,'2018-06-27 11:41:53',1,'0000-00-00 00:00:00',NULL),(4,7,8,9,13,'2018-06-27 11:41:53',1,'0000-00-00 00:00:00',NULL),(5,7,8,9,14,'2018-06-27 11:41:53',1,'0000-00-00 00:00:00',NULL);
/*!40000 ALTER TABLE `account_mapping` ENABLE KEYS */;
UNLOCK TABLES;

--
-- Table structure for table `admin_info_key`
--

DROP TABLE IF EXISTS `admin_info_key`;
/*!40101 SET @saved_cs_client     = @@character_set_client */;
/*!40101 SET character_set_client = utf8 */;
CREATE TABLE `admin_info_key` (
  `ID` int(11) NOT NULL AUTO_INCREMENT,
  `KEY` varchar(255) NOT NULL,
  `CREATED_ON` timestamp NOT NULL DEFAULT CURRENT_TIMESTAMP ON UPDATE CURRENT_TIMESTAMP,
  `CREATED_BY` int(11) NOT NULL,
  `UPDATED_ON` timestamp NOT NULL DEFAULT '0000-00-00 00:00:00',
  `UPDATED_BY` int(11) DEFAULT NULL,
  PRIMARY KEY (`ID`),
  KEY `ADMIN_INFO_KEY_USER_CREATE` (`CREATED_BY`),
  KEY `ADMIN_INFO_KEY_USER_UPDATE` (`UPDATED_BY`),
  CONSTRAINT `ADMIN_INFO_KEY_USER_CREATE` FOREIGN KEY (`CREATED_BY`) REFERENCES `user` (`ID`),
  CONSTRAINT `ADMIN_INFO_KEY_USER_UPDATE` FOREIGN KEY (`UPDATED_BY`) REFERENCES `user` (`ID`)
) ENGINE=InnoDB AUTO_INCREMENT=10 DEFAULT CHARSET=utf8;
/*!40101 SET character_set_client = @saved_cs_client */;

--
-- Dumping data for table `admin_info_key`
--

LOCK TABLES `admin_info_key` WRITE;
/*!40000 ALTER TABLE `admin_info_key` DISABLE KEYS */;
INSERT INTO `admin_info_key` VALUES (1,'ROLE_ADMIN','2018-05-23 13:04:09',1,'0000-00-00 00:00:00',NULL),(2,'ROLE_USER','2018-04-18 18:30:00',1,'2018-04-18 18:30:00',NULL),(3,'Organization','2018-04-18 18:30:00',1,'0000-00-00 00:00:00',NULL),(4,'IBG','2018-04-18 18:30:00',1,'0000-00-00 00:00:00',NULL),(5,'IBU','2018-04-18 18:30:00',1,'0000-00-00 00:00:00',NULL),(6,'Account','2018-04-18 18:30:00',1,'0000-00-00 00:00:00',NULL),(7,'Project','2018-04-18 18:30:00',1,'0000-00-00 00:00:00',NULL),(8,'Page','2018-04-18 18:30:00',1,'0000-00-00 00:00:00',NULL),(9,'Permission','2018-04-18 18:30:00',1,'0000-00-00 00:00:00',NULL);
/*!40000 ALTER TABLE `admin_info_key` ENABLE KEYS */;
UNLOCK TABLES;

--
-- Table structure for table `admin_info_key_value_mapping`
--

DROP TABLE IF EXISTS `admin_info_key_value_mapping`;
/*!40101 SET @saved_cs_client     = @@character_set_client */;
/*!40101 SET character_set_client = utf8 */;
CREATE TABLE `admin_info_key_value_mapping` (
  `ID` int(11) NOT NULL AUTO_INCREMENT,
  `ADMIN_INFO_KEY_ID` int(11) NOT NULL,
  `ADMIN_INFO_VALUE_ID` int(11) NOT NULL,
  `CREATED_ON` timestamp NOT NULL DEFAULT CURRENT_TIMESTAMP ON UPDATE CURRENT_TIMESTAMP,
  `CREATED_BY` int(11) NOT NULL,
  `UPDATED_ON` timestamp NOT NULL DEFAULT '0000-00-00 00:00:00',
  `UPDATED_BY` int(11) DEFAULT NULL,
  PRIMARY KEY (`ID`),
  KEY `ADMIN_INFO_KEY_VALUE_MAPPING_ADMIN_INFO_KEY` (`ADMIN_INFO_KEY_ID`),
  KEY `ADMIN_INFO_KEY_VALUE_MAPPING_ADMIN_INFO_VALUE` (`ADMIN_INFO_VALUE_ID`),
  KEY `ADMIN_INFO_KEY_VALUE_MAPPING_USER_CREATE` (`CREATED_BY`),
  KEY `ADMIN_INFO_KEY_VALUE_MAPPING_USER_UPDATE` (`UPDATED_BY`),
  CONSTRAINT `ADMIN_INFO_KEY_VALUE_MAPPING_ADMIN_INFO_KEY` FOREIGN KEY (`ADMIN_INFO_KEY_ID`) REFERENCES `admin_info_key` (`ID`),
  CONSTRAINT `ADMIN_INFO_KEY_VALUE_MAPPING_ADMIN_INFO_VALUE` FOREIGN KEY (`ADMIN_INFO_VALUE_ID`) REFERENCES `admin_info_value` (`ID`),
  CONSTRAINT `ADMIN_INFO_KEY_VALUE_MAPPING_USER_CREATE` FOREIGN KEY (`CREATED_BY`) REFERENCES `user` (`ID`),
  CONSTRAINT `ADMIN_INFO_KEY_VALUE_MAPPING_USER_UPDATE` FOREIGN KEY (`UPDATED_BY`) REFERENCES `user` (`ID`)
) ENGINE=InnoDB AUTO_INCREMENT=24 DEFAULT CHARSET=utf8;
/*!40101 SET character_set_client = @saved_cs_client */;

--
-- Dumping data for table `admin_info_key_value_mapping`
--

LOCK TABLES `admin_info_key_value_mapping` WRITE;
/*!40000 ALTER TABLE `admin_info_key_value_mapping` DISABLE KEYS */;
INSERT INTO `admin_info_key_value_mapping` VALUES (1,2,2,'2018-04-18 18:30:00',2,'0000-00-00 00:00:00',NULL),(2,1,1,'2018-04-18 18:30:00',1,'0000-00-00 00:00:00',NULL),(3,2,2,'2018-06-07 12:50:07',1,'0000-00-00 00:00:00',NULL),(4,2,3,'2018-06-07 12:50:07',1,'0000-00-00 00:00:00',NULL),(5,2,4,'2018-06-07 12:50:07',1,'0000-00-00 00:00:00',NULL),(6,2,5,'2018-06-07 12:50:07',1,'0000-00-00 00:00:00',NULL),(7,3,6,'2018-04-18 18:30:00',1,'0000-00-00 00:00:00',NULL),(8,4,7,'2018-04-18 18:30:00',1,'0000-00-00 00:00:00',NULL),(9,5,8,'2018-04-18 18:30:00',1,'0000-00-00 00:00:00',NULL),(10,6,9,'2018-04-18 18:30:00',1,'0000-00-00 00:00:00',NULL),(11,6,10,'2018-04-18 18:30:00',1,'0000-00-00 00:00:00',NULL),(12,6,11,'2018-04-18 18:30:00',1,'0000-00-00 00:00:00',NULL),(13,6,12,'2018-04-18 18:30:00',1,'0000-00-00 00:00:00',NULL),(14,7,13,'2018-04-18 18:30:00',1,'0000-00-00 00:00:00',NULL),(15,7,14,'2018-04-18 18:30:00',1,'0000-00-00 00:00:00',NULL),(16,7,15,'2018-04-18 18:30:00',1,'0000-00-00 00:00:00',NULL),(17,7,16,'2018-04-18 18:30:00',1,'0000-00-00 00:00:00',NULL),(18,8,17,'2018-04-18 18:30:00',1,'0000-00-00 00:00:00',NULL),(19,8,18,'2018-04-18 18:30:00',1,'0000-00-00 00:00:00',NULL),(20,8,19,'2018-04-18 18:30:00',1,'0000-00-00 00:00:00',NULL),(21,9,20,'2018-04-18 18:30:00',1,'0000-00-00 00:00:00',NULL),(22,9,21,'2018-04-18 18:30:00',1,'0000-00-00 00:00:00',NULL),(23,9,22,'2018-04-18 18:30:00',1,'0000-00-00 00:00:00',NULL);
/*!40000 ALTER TABLE `admin_info_key_value_mapping` ENABLE KEYS */;
UNLOCK TABLES;

--
-- Table structure for table `admin_info_value`
--

DROP TABLE IF EXISTS `admin_info_value`;
/*!40101 SET @saved_cs_client     = @@character_set_client */;
/*!40101 SET character_set_client = utf8 */;
CREATE TABLE `admin_info_value` (
  `ID` int(11) NOT NULL AUTO_INCREMENT,
  `VALUE` varchar(255) NOT NULL,
  `CREATED_ON` timestamp NOT NULL DEFAULT CURRENT_TIMESTAMP ON UPDATE CURRENT_TIMESTAMP,
  `CREATED_BY` int(11) NOT NULL,
  `UPDATED_ON` timestamp NOT NULL DEFAULT '0000-00-00 00:00:00',
  `UPDATED_BY` int(11) DEFAULT NULL,
  PRIMARY KEY (`ID`),
  KEY `ADMIN_INFO_VALUE_USER_CREATE` (`CREATED_BY`),
  KEY `ADMIN_INFO_VALUE_USER_UPDATE` (`UPDATED_BY`),
  CONSTRAINT `ADMIN_INFO_VALUE_USER_CREATE` FOREIGN KEY (`CREATED_BY`) REFERENCES `user` (`ID`),
  CONSTRAINT `ADMIN_INFO_VALUE_USER_UPDATE` FOREIGN KEY (`UPDATED_BY`) REFERENCES `user` (`ID`)
) ENGINE=InnoDB AUTO_INCREMENT=23 DEFAULT CHARSET=utf8;
/*!40101 SET character_set_client = @saved_cs_client */;

--
-- Dumping data for table `admin_info_value`
--

LOCK TABLES `admin_info_value` WRITE;
/*!40000 ALTER TABLE `admin_info_value` DISABLE KEYS */;
INSERT INTO `admin_info_value` VALUES (1,'Resource SPOC','2018-04-18 18:30:00',1,'0000-00-00 00:00:00',NULL),(2,'IBU Head','2018-04-18 18:30:00',1,'0000-00-00 00:00:00',NULL),(3,'Delivery Manager','2018-04-18 18:30:00',1,'0000-00-00 00:00:00',NULL),(4,'Project Manager','2018-04-18 18:30:00',1,'0000-00-00 00:00:00',NULL),(5,'PMO','2018-04-18 18:30:00',1,'0000-00-00 00:00:00',NULL),(6,'Tech Mahindra','2018-04-18 18:30:00',1,'0000-00-00 00:00:00',NULL),(7,'IMFG','2018-04-18 18:30:00',1,'0000-00-00 00:00:00',NULL),(8,'IAUT','2018-04-18 18:30:00',1,'0000-00-00 00:00:00',NULL),(9,'Ford','2018-04-18 18:30:00',1,'0000-00-00 00:00:00',NULL),(10,'Ford Direct','2018-04-18 18:30:00',1,'0000-00-00 00:00:00',NULL),(11,'Mazda','2018-04-18 18:30:00',1,'0000-00-00 00:00:00',NULL),(12,'TRW','2018-04-18 18:30:00',1,'0000-00-00 00:00:00',NULL),(13,'NGP','2018-04-18 18:30:00',1,'0000-00-00 00:00:00',NULL),(14,'NVO','2018-04-18 18:30:00',1,'0000-00-00 00:00:00',NULL),(15,'OWS','2018-04-18 18:30:00',1,'0000-00-00 00:00:00',NULL),(16,'GPIRS','2018-04-18 18:30:00',1,'0000-00-00 00:00:00',NULL),(17,'Dashboard','2018-04-18 18:30:00',1,'0000-00-00 00:00:00',NULL),(18,'Listing','2018-04-18 18:30:00',1,'0000-00-00 00:00:00',NULL),(19,'Add Requirement','2018-04-18 18:30:00',1,'0000-00-00 00:00:00',NULL),(20,'Read','2018-04-18 18:30:00',1,'0000-00-00 00:00:00',NULL),(21,'Edit','2018-04-18 18:30:00',1,'0000-00-00 00:00:00',NULL),(22,'Delete','2018-04-18 18:30:00',1,'0000-00-00 00:00:00',NULL);
/*!40000 ALTER TABLE `admin_info_value` ENABLE KEYS */;
UNLOCK TABLES;

--
-- Table structure for table `config_key`
--

DROP TABLE IF EXISTS `config_key`;
/*!40101 SET @saved_cs_client     = @@character_set_client */;
/*!40101 SET character_set_client = utf8 */;
CREATE TABLE `config_key` (
  `ID` int(11) NOT NULL AUTO_INCREMENT,
  `KEY` varchar(255) NOT NULL,
  `CREATED_ON` timestamp NOT NULL DEFAULT CURRENT_TIMESTAMP ON UPDATE CURRENT_TIMESTAMP,
  `CREATED_BY` int(11) NOT NULL,
  `UPDATED_ON` timestamp NOT NULL DEFAULT '0000-00-00 00:00:00',
  `UPDATED_BY` int(11) DEFAULT NULL,
  PRIMARY KEY (`ID`),
  KEY `CONFIG_KEY_USER_CREATE` (`CREATED_BY`),
  KEY `CONFIG_KEY_USER_UPDATE` (`UPDATED_BY`),
  CONSTRAINT `CONFIG_KEY_USER_CREATE` FOREIGN KEY (`CREATED_BY`) REFERENCES `user` (`ID`),
  CONSTRAINT `CONFIG_KEY_USER_UPDATE` FOREIGN KEY (`UPDATED_BY`) REFERENCES `user` (`ID`)
) ENGINE=InnoDB AUTO_INCREMENT=12 DEFAULT CHARSET=utf8;
/*!40101 SET character_set_client = @saved_cs_client */;

--
-- Dumping data for table `config_key`
--

LOCK TABLES `config_key` WRITE;
/*!40000 ALTER TABLE `config_key` DISABLE KEYS */;
INSERT INTO `config_key` VALUES (1,'Criticality','2018-04-18 18:30:00',1,'0000-00-00 00:00:00',NULL),(2,'Location','2018-04-18 18:30:00',1,'0000-00-00 00:00:00',NULL),(3,'Intimation mode','2018-04-18 18:30:00',1,'0000-00-00 00:00:00',NULL),(4,'Requirement_Type','2018-04-18 18:30:00',1,'0000-00-00 00:00:00',NULL),(5,'position status','2018-04-18 18:30:00',1,'0000-00-00 00:00:00',NULL),(6,'Opportunity status','2018-04-18 18:30:00',1,'0000-00-00 00:00:00',NULL),(7,'Profile source','2018-04-18 18:30:00',1,'0000-00-00 00:00:00',NULL),(8,'Initial evaluation result','2018-04-18 18:30:00',1,'0000-00-00 00:00:00',NULL),(9,'Customer interview status','2018-04-18 18:30:00',1,'0000-00-00 00:00:00',NULL),(10,'Skill Category','2018-06-22 09:31:19',1,'0000-00-00 00:00:00',NULL),(11,'Primary Skill','2018-04-18 18:30:00',1,'0000-00-00 00:00:00',NULL);
/*!40000 ALTER TABLE `config_key` ENABLE KEYS */;
UNLOCK TABLES;

--
-- Table structure for table `config_key_value_mapping`
--

DROP TABLE IF EXISTS `config_key_value_mapping`;
/*!40101 SET @saved_cs_client     = @@character_set_client */;
/*!40101 SET character_set_client = utf8 */;
CREATE TABLE `config_key_value_mapping` (
  `ID` int(11) NOT NULL AUTO_INCREMENT,
  `CONFIG_KEY_ID` int(11) NOT NULL,
  `CONFIG_VALUE_ID` int(11) NOT NULL,
  `CREATED_ON` timestamp NOT NULL DEFAULT CURRENT_TIMESTAMP ON UPDATE CURRENT_TIMESTAMP,
  `CREATED_BY` int(11) NOT NULL,
  `UPDATED_ON` timestamp NOT NULL DEFAULT '0000-00-00 00:00:00',
  `UPDATED_BY` int(11) DEFAULT NULL,
  PRIMARY KEY (`ID`),
  KEY `CONFIG_KEY_VALUE_MAPPING_CONFIG_KEY` (`CONFIG_KEY_ID`),
  KEY `CONFIG_KEY_VALUE_MAPPING_CONFIG_VALUE` (`CONFIG_VALUE_ID`),
  KEY `CONFIG_KEY_VALUE_MAPPING_USER_CREATE` (`CREATED_BY`),
  KEY `CONFIG_KEY_VALUE_MAPPING_USER_UPDATE` (`UPDATED_BY`),
  CONSTRAINT `CONFIG_KEY_VALUE_MAPPING_CONFIG_KEY` FOREIGN KEY (`CONFIG_KEY_ID`) REFERENCES `config_key` (`ID`),
  CONSTRAINT `CONFIG_KEY_VALUE_MAPPING_CONFIG_VALUE` FOREIGN KEY (`CONFIG_VALUE_ID`) REFERENCES `config_value` (`ID`),
  CONSTRAINT `CONFIG_KEY_VALUE_MAPPING_USER_CREATE` FOREIGN KEY (`CREATED_BY`) REFERENCES `user` (`ID`),
  CONSTRAINT `CONFIG_KEY_VALUE_MAPPING_USER_UPDATE` FOREIGN KEY (`UPDATED_BY`) REFERENCES `user` (`ID`)
) ENGINE=InnoDB AUTO_INCREMENT=42 DEFAULT CHARSET=utf8;
/*!40101 SET character_set_client = @saved_cs_client */;

--
-- Dumping data for table `config_key_value_mapping`
--

LOCK TABLES `config_key_value_mapping` WRITE;
/*!40000 ALTER TABLE `config_key_value_mapping` DISABLE KEYS */;
INSERT INTO `config_key_value_mapping` VALUES (1,1,1,'2018-04-18 18:30:00',1,'0000-00-00 00:00:00',NULL),(2,1,2,'2018-04-18 18:30:00',1,'0000-00-00 00:00:00',NULL),(3,1,3,'2018-04-18 18:30:00',1,'0000-00-00 00:00:00',NULL),(4,1,4,'2018-04-18 18:30:00',1,'0000-00-00 00:00:00',NULL),(5,2,5,'2018-04-18 18:30:00',1,'0000-00-00 00:00:00',NULL),(6,2,6,'2018-04-18 18:30:00',1,'0000-00-00 00:00:00',NULL),(7,3,7,'2018-04-18 18:30:00',1,'0000-00-00 00:00:00',NULL),(8,3,8,'2018-04-18 18:30:00',1,'0000-00-00 00:00:00',NULL),(9,3,9,'2018-04-18 18:30:00',1,'0000-00-00 00:00:00',NULL),(10,4,10,'2018-04-18 18:30:00',1,'0000-00-00 00:00:00',NULL),(11,4,11,'2018-04-18 18:30:00',1,'0000-00-00 00:00:00',NULL),(12,4,12,'2018-04-18 18:30:00',1,'0000-00-00 00:00:00',NULL),(13,4,13,'2018-04-18 18:30:00',1,'0000-00-00 00:00:00',NULL),(14,5,14,'2018-04-18 18:30:00',1,'0000-00-00 00:00:00',NULL),(15,5,15,'2018-04-18 18:30:00',1,'0000-00-00 00:00:00',NULL),(16,5,16,'2018-04-18 18:30:00',1,'0000-00-00 00:00:00',NULL),(17,5,17,'2018-04-18 18:30:00',1,'0000-00-00 00:00:00',NULL),(18,5,18,'2018-04-18 18:30:00',1,'0000-00-00 00:00:00',NULL),(19,5,19,'2018-04-18 18:30:00',1,'0000-00-00 00:00:00',NULL),(20,7,20,'2018-04-18 18:30:00',1,'0000-00-00 00:00:00',NULL),(21,7,21,'2018-04-18 18:30:00',1,'0000-00-00 00:00:00',NULL),(22,7,22,'2018-04-18 18:30:00',1,'0000-00-00 00:00:00',NULL),(23,8,23,'2018-04-18 18:30:00',1,'0000-00-00 00:00:00',NULL),(24,8,24,'2018-04-18 18:30:00',1,'0000-00-00 00:00:00',NULL),(25,8,25,'2018-04-18 18:30:00',1,'0000-00-00 00:00:00',NULL),(26,8,26,'2018-04-18 18:30:00',1,'0000-00-00 00:00:00',NULL),(27,9,27,'2018-04-18 18:30:00',1,'0000-00-00 00:00:00',NULL),(28,9,24,'2018-04-18 18:30:00',1,'0000-00-00 00:00:00',NULL),(29,9,25,'2018-04-18 18:30:00',1,'0000-00-00 00:00:00',NULL),(30,6,28,'2018-04-18 18:30:00',1,'0000-00-00 00:00:00',NULL),(31,6,29,'2018-04-18 18:30:00',1,'0000-00-00 00:00:00',NULL),(32,6,30,'2018-04-18 18:30:00',1,'0000-00-00 00:00:00',NULL),(33,6,25,'2018-04-18 18:30:00',1,'0000-00-00 00:00:00',NULL),(34,10,36,'2018-06-22 09:34:11',1,'0000-00-00 00:00:00',NULL),(35,10,36,'2018-06-22 09:34:11',1,'0000-00-00 00:00:00',NULL),(36,10,36,'2018-06-22 09:34:11',1,'0000-00-00 00:00:00',NULL),(37,11,34,'2018-04-18 18:30:00',1,'0000-00-00 00:00:00',NULL),(38,11,35,'2018-04-18 18:30:00',1,'0000-00-00 00:00:00',NULL),(39,11,31,'2018-04-18 18:30:00',1,'0000-00-00 00:00:00',NULL),(40,11,32,'2018-04-18 18:30:00',1,'0000-00-00 00:00:00',NULL),(41,11,33,'2018-04-18 18:30:00',1,'0000-00-00 00:00:00',NULL);
/*!40000 ALTER TABLE `config_key_value_mapping` ENABLE KEYS */;
UNLOCK TABLES;

--
-- Table structure for table `config_value`
--

DROP TABLE IF EXISTS `config_value`;
/*!40101 SET @saved_cs_client     = @@character_set_client */;
/*!40101 SET character_set_client = utf8 */;
CREATE TABLE `config_value` (
  `ID` int(11) NOT NULL AUTO_INCREMENT,
  `VALUE` varchar(255) NOT NULL,
  `CREATED_ON` timestamp NOT NULL DEFAULT CURRENT_TIMESTAMP ON UPDATE CURRENT_TIMESTAMP,
  `CREATED_BY` int(11) NOT NULL,
  `UPDATED_ON` timestamp NOT NULL DEFAULT '0000-00-00 00:00:00',
  `UPDATED_BY` int(11) DEFAULT NULL,
  PRIMARY KEY (`ID`),
  KEY `CONFIG_VALUE_USER_CREATE` (`CREATED_BY`),
  KEY `CONFIG_VALUE_USER_UPDATE` (`UPDATED_BY`),
  CONSTRAINT `CONFIG_VALUE_USER_CREATE` FOREIGN KEY (`CREATED_BY`) REFERENCES `user` (`ID`),
  CONSTRAINT `CONFIG_VALUE_USER_UPDATE` FOREIGN KEY (`UPDATED_BY`) REFERENCES `user` (`ID`)
) ENGINE=InnoDB AUTO_INCREMENT=37 DEFAULT CHARSET=utf8;
/*!40101 SET character_set_client = @saved_cs_client */;

--
-- Dumping data for table `config_value`
--

LOCK TABLES `config_value` WRITE;
/*!40000 ALTER TABLE `config_value` DISABLE KEYS */;
INSERT INTO `config_value` VALUES (1,'Critical','2018-04-18 18:30:00',1,'0000-00-00 00:00:00',NULL),(2,'High','2018-04-18 18:30:00',1,'0000-00-00 00:00:00',NULL),(3,'Medium','2018-04-18 18:30:00',1,'0000-00-00 00:00:00',NULL),(4,'Low','2018-04-18 18:30:00',1,'0000-00-00 00:00:00',NULL),(5,'Onsite','2018-04-18 18:30:00',1,'0000-00-00 00:00:00',NULL),(6,'Offshore','2018-04-18 18:30:00',1,'0000-00-00 00:00:00',NULL),(7,'Mail','2018-04-18 18:30:00',1,'0000-00-00 00:00:00',NULL),(8,'Tool','2018-04-18 18:30:00',1,'0000-00-00 00:00:00',NULL),(9,'Telephonic','2018-04-18 18:30:00',1,'0000-00-00 00:00:00',NULL),(10,'Confirmed','2018-04-18 18:30:00',1,'0000-00-00 00:00:00',NULL),(11,'PSO','2018-04-18 18:30:00',1,'0000-00-00 00:00:00',NULL),(12,'Replacement','2018-04-18 18:30:00',1,'0000-00-00 00:00:00',NULL),(13,'Forecast','2018-04-18 18:30:00',1,'0000-00-00 00:00:00',NULL),(14,'Lead Generation','2018-04-18 18:30:00',1,'0000-00-00 00:00:00',NULL),(15,'Prfoile Sourcing','2018-04-18 18:30:00',1,'0000-00-00 00:00:00',NULL),(16,'Technical Evaluation','2018-04-18 18:30:00',1,'0000-00-00 00:00:00',NULL),(17,'Customer Evaluation','2018-04-18 18:30:00',1,'0000-00-00 00:00:00',NULL),(18,'Offer Processing','2018-04-18 18:30:00',1,'0000-00-00 00:00:00',NULL),(19,'Onboarding','2018-04-18 18:30:00',1,'0000-00-00 00:00:00',NULL),(20,'Internal','2018-04-18 18:30:00',1,'0000-00-00 00:00:00',NULL),(21,'External','2018-04-18 18:30:00',1,'0000-00-00 00:00:00',NULL),(22,'Subcon','2018-04-18 18:30:00',1,'0000-00-00 00:00:00',NULL),(23,'Shortlisted','2018-04-18 18:30:00',1,'0000-00-00 00:00:00',NULL),(24,'Rejected','2018-04-18 18:30:00',1,'0000-00-00 00:00:00',NULL),(25,'Hold','2018-04-18 18:30:00',1,'0000-00-00 00:00:00',NULL),(26,'Did not process','2018-04-18 18:30:00',1,'0000-00-00 00:00:00',NULL),(27,'Selected','2018-04-18 18:30:00',1,'0000-00-00 00:00:00',NULL),(28,'Open','2018-04-18 18:30:00',1,'0000-00-00 00:00:00',NULL),(29,'Closed','2018-04-18 18:30:00',1,'0000-00-00 00:00:00',NULL),(30,'Lost','2018-04-18 18:30:00',1,'0000-00-00 00:00:00',NULL),(31,'Java','2018-04-18 18:30:00',1,'0000-00-00 00:00:00',NULL),(32,'.Net','2018-04-18 18:30:00',1,'0000-00-00 00:00:00',NULL),(33,'Php','2018-04-18 18:30:00',1,'0000-00-00 00:00:00',NULL),(34,'Core Java with Spring','2018-04-18 18:30:00',1,'0000-00-00 00:00:00',NULL),(35,'Java with Webservices','2018-04-18 18:30:00',1,'0000-00-00 00:00:00',NULL),(36,'ADMS','2018-04-18 18:30:00',1,'0000-00-00 00:00:00',NULL);
/*!40000 ALTER TABLE `config_value` ENABLE KEYS */;
UNLOCK TABLES;

--
-- Table structure for table `profile`
--

DROP TABLE IF EXISTS `profile`;
/*!40101 SET @saved_cs_client     = @@character_set_client */;
/*!40101 SET character_set_client = utf8 */;
CREATE TABLE `profile` (
  `ID` int(11) NOT NULL AUTO_INCREMENT,
  `NAME` varchar(255) NOT NULL,
  `EMAIL_ID` varchar(255) DEFAULT NULL,
  `CONTACT_NO` varchar(10) NOT NULL,
  `CURRENT_COMPANY` varchar(255) DEFAULT NULL,
  `LOCATION` varchar(255) NOT NULL,
  `PRIMARY_SKILL` int(11) NOT NULL,
  `PROFILE_SHARED_DATE` date NOT NULL,
  `PROFILE_SHARED_BY` varchar(255) NOT NULL,
  `YEARS_OF_EXPERIENCE` int(11) DEFAULT NULL,
  `RELEVANT_EXPERIENCE` int(11) DEFAULT NULL,
  `NOTICE_PERIOD` int(11) DEFAULT NULL,
  `CURRENT_CTC` int(11) DEFAULT NULL,
  `EXPECTED_CTC` int(11) DEFAULT NULL,
  `IS_ALLOCATED` int(11) DEFAULT NULL,
  `ACCOUNT` int(11) DEFAULT NULL,
  `PROJECT` int(11) DEFAULT NULL,
  `ALLOCATION_START_DATE` date DEFAULT NULL,
  `ALLOCATION_END_DATE` date DEFAULT NULL,
  `CREATED_ON` timestamp NOT NULL DEFAULT CURRENT_TIMESTAMP ON UPDATE CURRENT_TIMESTAMP,
  `CREATED_BY` int(11) NOT NULL,
  `UPDATED_ON` timestamp NULL DEFAULT '0000-00-00 00:00:00',
  `UPDATED_BY` int(11) DEFAULT NULL,
  `PROFILE_SOURCE` int(11) DEFAULT NULL,
  `INTERNAL_EVALUATION_RESULT_DATE` date DEFAULT NULL,
  `INITIAL_EVALUATION_RESULT` int(11) DEFAULT NULL,
  `PROFILE_SHARED_CUSTOMER` varchar(10) DEFAULT NULL,
  `PROFILE_SHARED_CUSTOMER_DATE` date DEFAULT NULL,
  `REMARKS` varchar(255) DEFAULT NULL,
  `CUSTOMER_INTERVIEW_STATUS` int(11) DEFAULT NULL,
  PRIMARY KEY (`ID`),
  KEY `PROFILE_P_SKILL` (`PRIMARY_SKILL`),
  KEY `PROFILE_ACCOUNT_MAPPING` (`ACCOUNT`),
  KEY `PROFILE_PROJECT_MAPPING` (`PROJECT`),
  KEY `PROFILE_USER_CREATE` (`CREATED_BY`),
  KEY `PROFILE_USER_UPDATE` (`UPDATED_BY`),
  KEY `PROFILE_P_SOURCE` (`PROFILE_SOURCE`),
  CONSTRAINT `PROFILE_ACCOUNT_MAPPING` FOREIGN KEY (`ACCOUNT`) REFERENCES `account_mapping` (`ID`) ON DELETE CASCADE ON UPDATE CASCADE,
  CONSTRAINT `PROFILE_PROJECT_MAPPING` FOREIGN KEY (`PROJECT`) REFERENCES `project_mapping` (`ID`) ON DELETE CASCADE ON UPDATE CASCADE,
  CONSTRAINT `PROFILE_P_SKILL` FOREIGN KEY (`PRIMARY_SKILL`) REFERENCES `config_key_value_mapping` (`ID`) ON DELETE CASCADE ON UPDATE CASCADE,
  CONSTRAINT `PROFILE_P_SOURCE` FOREIGN KEY (`PROFILE_SOURCE`) REFERENCES `config_key_value_mapping` (`ID`) ON DELETE CASCADE ON UPDATE CASCADE,
  CONSTRAINT `PROFILE_USER_CREATE` FOREIGN KEY (`CREATED_BY`) REFERENCES `user` (`ID`),
  CONSTRAINT `PROFILE_USER_UPDATE` FOREIGN KEY (`UPDATED_BY`) REFERENCES `user` (`ID`)
) ENGINE=InnoDB AUTO_INCREMENT=27 DEFAULT CHARSET=utf8;
/*!40101 SET character_set_client = @saved_cs_client */;

--
-- Dumping data for table `profile`
--

LOCK TABLES `profile` WRITE;
/*!40000 ALTER TABLE `profile` DISABLE KEYS */;
INSERT INTO `profile` VALUES (1,'Bargavi','testsangavi@.com','989898989','CTS','Pune',39,'2018-06-20','Siva',3,3,60,560000,600000,0,2,1,'2018-06-30','2018-12-30','2018-06-28 18:30:00',1,'2018-06-29 14:25:15',2,21,'2018-06-12',23,'Yes','2018-06-12','Sangavi onboarded to Ford account',29),(2,'Ramya','testsangavi@.com','989898989','CTS','Pune',37,'2018-06-20','Siva',3,3,60,560000,600000,0,3,2,'2018-06-30','2018-12-30','2018-06-29 12:57:18',1,'2018-06-29 10:41:02',2,20,'2018-06-12',24,'Yes','2018-06-12','Sangavi onboarded to Ford account',28),(3,'Saranya','testsangavi@.com','989898989','HCL','chennai',38,'2018-06-20','Siva',3,3,60,560000,600000,0,2,1,'2018-06-30','2018-12-30','2018-06-28 18:30:00',1,'2018-07-02 07:18:08',2,21,'2018-06-12',23,'Yes','2018-06-12','Sangavi onboarded to Ford account',28),(4,'Sangavi','testsangavi@.com','989898989','CTS','Pune',40,'2018-06-20','Siva',3,3,60,560000,700000,0,2,3,'2018-06-30','2018-12-30','2018-06-29 12:57:18',1,'2018-06-26 09:04:23',1,22,'2018-06-12',24,'Yes','2018-06-12','Sangavi onboarded to Ford account',27),(5,'Bargavi','testsangavi@.com','989898989','CTS','Pune',41,'2018-06-20','Siva',3,3,60,560000,600000,0,2,3,'2018-06-30','2018-12-30','2018-06-29 12:57:18',1,'0000-00-00 00:00:00',1,20,'2018-06-12',25,'Yes','2018-06-12','Sangavi onboarded to Ford account',27),(10,'Sangeetha',NULL,'1234567890','TCS','Chennai',38,'2018-06-21','siva',5,5,45,500000,700000,NULL,NULL,NULL,NULL,NULL,'2018-06-29 12:57:18',1,'0000-00-00 00:00:00',NULL,22,'2018-06-21',23,'yes','2018-06-21','test',27),(11,'Agalya',NULL,'0','IBM','Chennai',38,'2018-06-21','siva',7,7,60,700000,900000,NULL,NULL,NULL,NULL,NULL,'2018-06-29 12:57:18',1,'0000-00-00 00:00:00',NULL,20,'2018-06-21',24,'yes','2018-06-21','test',27),(20,'Sangeetha','abc@gmail.com','1234512345','Hexaware','Mumbai',39,'2018-06-21','',6,0,30,0,600000,0,1,1,NULL,NULL,'2018-06-29 12:57:18',1,'2018-06-29 10:59:57',2,22,'2018-06-21',25,'test',NULL,'',28),(21,'Mathu',NULL,'0','CTS','Pune',40,'2018-07-04','Siva',4,4,90,500000,600000,NULL,NULL,NULL,NULL,NULL,'2018-07-02 15:11:15',2,'0000-00-00 00:00:00',NULL,21,'2018-07-10',33,'yes','2018-07-17','test',33),(22,'Rubesh',NULL,'0','TCS','Hyderabad',39,'2018-07-01','Siva',5,5,90,600000,700000,NULL,NULL,NULL,NULL,NULL,'2018-07-02 15:17:02',2,'0000-00-00 00:00:00',NULL,22,'2018-07-10',0,'yes','2018-07-24','test',27),(23,'Keerthi',NULL,'0','TCS','Hyderabad',39,'2018-07-05','Siva',3,3,0,700000,800000,NULL,NULL,NULL,NULL,NULL,'2018-07-03 07:23:44',2,'0000-00-00 00:00:00',NULL,21,'2018-07-09',33,'yes','2018-07-16','test',27),(24,'Kavitha',NULL,'0','TCS','Noida',39,'2018-07-02','Siva',3,3,90,600000,700000,NULL,NULL,NULL,NULL,NULL,'2018-07-03 07:33:02',2,'0000-00-00 00:00:00',NULL,21,'2018-07-09',33,'yes','2018-07-16','test',27),(25,'Suresh','test@gmail.com','8575452535','TCS','Pune',38,'2018-07-11','Siva',3,3,90,700000,800000,0,1,1,NULL,NULL,'2018-07-02 18:30:00',2,'2018-07-03 09:40:57',2,20,'2018-07-16',23,'yes',NULL,'',29);
/*!40000 ALTER TABLE `profile` ENABLE KEYS */;
UNLOCK TABLES;

--
-- Table structure for table `profile_resume`
--

DROP TABLE IF EXISTS `profile_resume`;
/*!40101 SET @saved_cs_client     = @@character_set_client */;
/*!40101 SET character_set_client = utf8 */;
CREATE TABLE `profile_resume` (
  `ID` int(11) NOT NULL AUTO_INCREMENT,
  `PROFILE_ID` int(11) NOT NULL,
  `FILE_NAME` varchar(255) NOT NULL,
  `FILE_FORMAT` varchar(10) NOT NULL,
  `RESUME` blob NOT NULL,
  `CREATED_ON` timestamp NOT NULL DEFAULT CURRENT_TIMESTAMP ON UPDATE CURRENT_TIMESTAMP,
  `CREATED_BY` int(11) NOT NULL,
  `UPDATED_ON` timestamp NOT NULL DEFAULT '0000-00-00 00:00:00',
  `UPDATED_BY` int(11) DEFAULT NULL,
  PRIMARY KEY (`ID`),
  KEY `PROFILE_RESUME_PROFILE` (`PROFILE_ID`),
  KEY `PROFILE_RESUME_USER_CREATE` (`CREATED_BY`),
  KEY `PROFILE_RESUME_USER_UPDATE` (`UPDATED_BY`),
  CONSTRAINT `PROFILE_RESUME_PROFILE` FOREIGN KEY (`PROFILE_ID`) REFERENCES `profile` (`ID`),
  CONSTRAINT `PROFILE_RESUME_USER_CREATE` FOREIGN KEY (`CREATED_BY`) REFERENCES `user` (`ID`),
  CONSTRAINT `PROFILE_RESUME_USER_UPDATE` FOREIGN KEY (`UPDATED_BY`) REFERENCES `user` (`ID`)
) ENGINE=InnoDB DEFAULT CHARSET=utf8;
/*!40101 SET character_set_client = @saved_cs_client */;

--
-- Dumping data for table `profile_resume`
--

LOCK TABLES `profile_resume` WRITE;
/*!40000 ALTER TABLE `profile_resume` DISABLE KEYS */;
/*!40000 ALTER TABLE `profile_resume` ENABLE KEYS */;
UNLOCK TABLES;

--
-- Table structure for table `project_mapping`
--

DROP TABLE IF EXISTS `project_mapping`;
/*!40101 SET @saved_cs_client     = @@character_set_client */;
/*!40101 SET character_set_client = utf8 */;
CREATE TABLE `project_mapping` (
  `ID` int(11) NOT NULL AUTO_INCREMENT,
  `ACCOUNT_MAPPING_ID` int(11) NOT NULL,
  `PROJECT` int(11) NOT NULL,
  `CREATED_ON` timestamp NOT NULL DEFAULT CURRENT_TIMESTAMP ON UPDATE CURRENT_TIMESTAMP,
  `CREATED_BY` int(11) NOT NULL,
  `UPDATED_ON` timestamp NOT NULL DEFAULT '0000-00-00 00:00:00',
  `UPDATED_BY` int(11) DEFAULT NULL,
  PRIMARY KEY (`ID`),
  KEY `PROJECT_MAPPING_ACCOUNT_MAPPING` (`ACCOUNT_MAPPING_ID`),
  KEY `PROJECT_MAPPING_ADMIN_INFO_KEY_VALUE_MAPPING` (`PROJECT`),
  KEY `PROJECT_MAPPING_USER_CREATE` (`CREATED_BY`),
  KEY `PROJECT_MAPPING_USER_UPDATE` (`UPDATED_BY`),
  CONSTRAINT `PROJECT_MAPPING_ACCOUNT_MAPPING` FOREIGN KEY (`ACCOUNT_MAPPING_ID`) REFERENCES `account_mapping` (`ID`),
  CONSTRAINT `PROJECT_MAPPING_ADMIN_INFO_KEY_VALUE_MAPPING` FOREIGN KEY (`PROJECT`) REFERENCES `admin_info_key_value_mapping` (`ID`),
  CONSTRAINT `PROJECT_MAPPING_USER_CREATE` FOREIGN KEY (`CREATED_BY`) REFERENCES `user` (`ID`),
  CONSTRAINT `PROJECT_MAPPING_USER_UPDATE` FOREIGN KEY (`UPDATED_BY`) REFERENCES `user` (`ID`)
) ENGINE=InnoDB AUTO_INCREMENT=6 DEFAULT CHARSET=utf8;
/*!40101 SET character_set_client = @saved_cs_client */;

--
-- Dumping data for table `project_mapping`
--

LOCK TABLES `project_mapping` WRITE;
/*!40000 ALTER TABLE `project_mapping` DISABLE KEYS */;
INSERT INTO `project_mapping` VALUES (1,2,14,'2018-04-18 18:30:00',1,'0000-00-00 00:00:00',NULL),(2,2,15,'2018-04-18 18:30:00',1,'0000-00-00 00:00:00',NULL),(3,1,16,'2018-04-18 18:30:00',1,'0000-00-00 00:00:00',NULL),(4,1,13,'2018-06-28 09:47:35',1,'0000-00-00 00:00:00',NULL),(5,5,17,'2018-06-28 09:47:35',1,'0000-00-00 00:00:00',NULL);
/*!40000 ALTER TABLE `project_mapping` ENABLE KEYS */;
UNLOCK TABLES;

--
-- Table structure for table `requirement`
--

DROP TABLE IF EXISTS `requirement`;
/*!40101 SET @saved_cs_client     = @@character_set_client */;
/*!40101 SET character_set_client = utf8 */;
CREATE TABLE `requirement` (
  `ID` varchar(8) NOT NULL,
  `CRITICALITY` int(11) DEFAULT NULL,
  `SKILL_CATEGORY` int(11) DEFAULT NULL,
  `PRIMARY_SKILL` int(11) DEFAULT NULL,
  `JOB_DESCRIPTION` varchar(255) DEFAULT NULL,
  `LOCATION` int(11) DEFAULT NULL,
  `CITY` varchar(255) DEFAULT NULL,
  `BILLING_RATE` double(5,2) DEFAULT NULL,
  `INTIMATION_DATE` timestamp NULL DEFAULT CURRENT_TIMESTAMP ON UPDATE CURRENT_TIMESTAMP,
  `INTIMATED_BY` varchar(255) DEFAULT NULL,
  `INTIMATOR_EMAIL` varchar(255) DEFAULT NULL,
  `INTIMATION_MODE` int(11) DEFAULT NULL,
  `REQUIREMENT_TYPE` int(11) DEFAULT NULL,
  `EXPECTED_DOJ` date DEFAULT NULL,
  `ACTUAL_CLOSURE_DATE` date DEFAULT NULL,
  `SO` int(11) NOT NULL,
  `JO` int(11) NOT NULL,
  `SHORTLISTED_PROFILE_ID` int(11) DEFAULT NULL,
  `STATUS` int(11) DEFAULT NULL,
  `ACTIVITY_OWNER` varchar(255) DEFAULT NULL,
  `ACTIVITY_OWNER_EMAIL` varchar(255) DEFAULT NULL,
  `ACTUAL_OWNER` varchar(255) DEFAULT NULL,
  `ACTUAL_OWNER_EMAIL` varchar(255) DEFAULT NULL,
  `REMARKS` varchar(500) DEFAULT NULL,
  `CUSTOMER_NAME` varchar(255) DEFAULT NULL,
  `ACCOUNT` int(11) DEFAULT NULL,
  `PROJECT` int(11) DEFAULT NULL,
  `CREATED_ON` timestamp NULL DEFAULT '0000-00-00 00:00:00',
  `CREATED_BY` int(11) DEFAULT NULL,
  `UPDATED_ON` timestamp NULL DEFAULT '0000-00-00 00:00:00',
  `UPDATED_BY` int(11) DEFAULT NULL,
  `BAND` varchar(45) DEFAULT NULL,
  `QUANTITY` int(11) DEFAULT NULL,
  `IBG_CDG` varchar(100) DEFAULT NULL,
  `IBU_CDU` varchar(100) DEFAULT NULL,
  `PROJECT_DURATION` int(11) DEFAULT NULL,
  `PID_CRMID_SO` varchar(100) DEFAULT NULL,
  `YEAR_EXPERIENCE` int(11) DEFAULT NULL,
  `oppurtunity_Status` int(11) DEFAULT NULL,
  PRIMARY KEY (`ID`),
  KEY `REQUIREMENT_ACCOUNT_MAPPING` (`ACCOUNT`),
  KEY `REQUIREMENT_PROJECT_MAPPING` (`PROJECT`),
  KEY `REQUIREMENT_CRITICALITY` (`CRITICALITY`),
  KEY `REQUIREMENT_OPPORTUNITY_STATUS` (`STATUS`),
  KEY `REQUIREMENT_P_SKILL` (`PRIMARY_SKILL`),
  KEY `REQUIREMENT_PROFILE` (`SHORTLISTED_PROFILE_ID`),
  KEY `REQUIREMENT_SKILL` (`SKILL_CATEGORY`),
  KEY `REQUIREMENT_TYPE` (`REQUIREMENT_TYPE`),
  KEY `REQUIREMENT_USER_CREATE` (`CREATED_BY`),
  KEY `REQUIREMENT_USER_UPDATE` (`UPDATED_BY`),
  KEY `REQUIREMENT_MODE` (`INTIMATION_MODE`),
  KEY `REQUIREMENT_LOCATION` (`LOCATION`),
  CONSTRAINT `REQUIREMENT_ACCOUNT_MAPPING` FOREIGN KEY (`ACCOUNT`) REFERENCES `account_mapping` (`ID`),
  CONSTRAINT `REQUIREMENT_CRITICALITY` FOREIGN KEY (`CRITICALITY`) REFERENCES `config_key_value_mapping` (`ID`),
  CONSTRAINT `REQUIREMENT_LOCATION` FOREIGN KEY (`LOCATION`) REFERENCES `config_key_value_mapping` (`ID`),
  CONSTRAINT `REQUIREMENT_MODE` FOREIGN KEY (`INTIMATION_MODE`) REFERENCES `config_key_value_mapping` (`ID`),
  CONSTRAINT `REQUIREMENT_OPPORTUNITY_STATUS` FOREIGN KEY (`STATUS`) REFERENCES `config_key_value_mapping` (`ID`),
  CONSTRAINT `REQUIREMENT_PROFILE` FOREIGN KEY (`SHORTLISTED_PROFILE_ID`) REFERENCES `profile` (`ID`) ON DELETE CASCADE ON UPDATE CASCADE,
  CONSTRAINT `REQUIREMENT_PROJECT_MAPPING` FOREIGN KEY (`PROJECT`) REFERENCES `project_mapping` (`ID`),
  CONSTRAINT `REQUIREMENT_P_SKILL` FOREIGN KEY (`PRIMARY_SKILL`) REFERENCES `config_key_value_mapping` (`ID`),
  CONSTRAINT `REQUIREMENT_SKILL` FOREIGN KEY (`SKILL_CATEGORY`) REFERENCES `config_key_value_mapping` (`ID`),
  CONSTRAINT `REQUIREMENT_TYPE` FOREIGN KEY (`REQUIREMENT_TYPE`) REFERENCES `config_key_value_mapping` (`ID`),
  CONSTRAINT `REQUIREMENT_USER_CREATE` FOREIGN KEY (`CREATED_BY`) REFERENCES `user` (`ID`),
  CONSTRAINT `REQUIREMENT_USER_UPDATE` FOREIGN KEY (`UPDATED_BY`) REFERENCES `user` (`ID`)
) ENGINE=InnoDB DEFAULT CHARSET=utf8;
/*!40101 SET character_set_client = @saved_cs_client */;

--
-- Dumping data for table `requirement`
--

LOCK TABLES `requirement` WRITE;
/*!40000 ALTER TABLE `requirement` DISABLE KEYS */;
INSERT INTO `requirement` VALUES ('46b0ebf7',3,39,34,'JAVA',5,'Chennai',10.00,'2018-07-08 18:30:00','siva','test@gmail.com',8,10,'2018-07-03','2018-07-23',1,1,NULL,NULL,NULL,NULL,NULL,NULL,NULL,'Mazda',NULL,2,'2018-07-02 14:40:04',2,'0000-00-00 00:00:00',NULL,'U1',3,'Manufacturing','IAUT',6,'12124',3,NULL),('72e026f4',2,35,38,'JD',6,'Mumbai',23.00,'2018-06-29 09:41:43','intimated by','test',9,12,'2018-05-15','2018-05-15',9,5,2,15,'activity owner','test','actual owner','actual owner mail','comments','TRW',1,2,'2018-05-15 07:53:11',1,'0000-00-00 00:00:00',NULL,NULL,NULL,NULL,NULL,NULL,NULL,NULL,28),('72e026f5',2,35,39,'JD',6,'Mumbai',23.00,'2018-06-29 09:41:43','intimated by','test',9,12,'2018-05-15','2018-05-15',9,5,NULL,16,'activity owner','test','actual owner','actual owner mail','comments','TRW',1,2,'2018-05-15 02:23:11',1,'0000-00-00 00:00:00',NULL,NULL,NULL,NULL,NULL,NULL,NULL,NULL,29),('844bb015',2,35,40,'JD',6,'Mumbai',23.00,'2018-06-29 09:41:43','intimated by','test',9,12,'2018-05-15','2018-05-15',9,5,NULL,16,'activity owner','test','actual owner','actual owner mail','comments','TRW',1,2,'2018-05-15 02:26:01',1,'0000-00-00 00:00:00',NULL,NULL,NULL,NULL,NULL,NULL,NULL,NULL,28),('844bb01f',2,35,40,'JD',6,'Mumbai',23.00,'2018-06-29 09:41:43','intimated by','test',9,12,'2018-05-15','2018-05-15',9,5,NULL,15,'activity owner','test','actual owner','actual owner mail','comments','TRW',1,2,'2018-05-15 07:56:01',1,'0000-00-00 00:00:00',NULL,NULL,NULL,NULL,NULL,NULL,NULL,NULL,28),('AAAAAAA5',1,34,38,'Java',5,'Chennai',NULL,'2018-07-03 10:26:35','Test','test@techmahindra.com',7,11,'2018-06-19','2018-06-19',1,1,10,17,'trt','test','ses','test',NULL,'Ford Direct',NULL,NULL,'2018-04-18 07:30:00',1,'0000-00-00 00:00:00',NULL,NULL,NULL,NULL,NULL,NULL,NULL,NULL,30),('b02f45d4',3,39,34,'JAVA',5,'Bangalore',40.00,'2018-07-15 18:30:00','Shankar','Shankar@gmail.com',9,13,'2018-07-03','2018-07-16',3,2,NULL,NULL,NULL,NULL,NULL,NULL,NULL,'Ford',NULL,2,'2018-07-02 14:59:34',2,'0000-00-00 00:00:00',NULL,'U1',3,'Manufacturing','IAUT',6,'1424',2,NULL),('B1234',2,34,37,'Java',6,'Chennai',NULL,'2018-06-29 09:41:43','AAA','test1@techmahindra.com',8,11,'2018-08-19','2018-07-19',3,2,NULL,15,'te','sgdsg','ssgd','agsd','sgds','Ford',NULL,NULL,'2018-05-09 13:00:00',1,'0000-00-00 00:00:00',NULL,NULL,NULL,NULL,NULL,NULL,NULL,NULL,29),('B1235',2,34,37,'Java',6,'Chennai',NULL,'2018-06-29 09:41:43','AAA','test1@techmahindra.com',8,11,'2018-08-19','2018-07-19',3,2,NULL,17,'te','sgdsg','ssgd','agsd','sgds','Ford',NULL,NULL,'2018-05-09 07:30:00',1,'0000-00-00 00:00:00',NULL,NULL,NULL,NULL,NULL,NULL,NULL,NULL,28),('C3456786',2,34,39,'Java',5,'Coimbatore',12.00,'2018-06-29 09:41:43','dgfdg','test1@techmahindra.com',7,12,'2018-08-19','2018-07-19',2,3,NULL,16,'test','test','test','test','sdfgsh ','Mazda',1,1,'2018-05-09 07:30:00',1,'0000-00-00 00:00:00',NULL,NULL,NULL,NULL,NULL,NULL,NULL,NULL,28),('e40d4b82',2,39,34,'JAVA',6,'Chennai',20.00,'2018-07-02 18:30:00','siva','test@gmail.com',9,12,'2018-07-04','2018-07-17',4,2,NULL,NULL,NULL,NULL,NULL,NULL,NULL,'Mazda',NULL,2,'2018-07-02 14:47:03',2,'0000-00-00 00:00:00',NULL,'U3',3,'Manufacturing','IAUT',6,'6765',3,NULL),('ead75c00',3,39,34,'Java',5,'Chennai',40.00,'2018-07-11 18:30:00','siva','test@gmail.com',9,10,'2018-07-04','2018-07-25',1,1,NULL,NULL,NULL,NULL,NULL,NULL,NULL,'TRW',NULL,2,'2018-07-03 09:39:36',2,'0000-00-00 00:00:00',NULL,'U2',3,'Manufacturing','IAUT',6,'453',3,NULL);
/*!40000 ALTER TABLE `requirement` ENABLE KEYS */;
UNLOCK TABLES;

--
-- Table structure for table `requirement_profile_mapping`
--

DROP TABLE IF EXISTS `requirement_profile_mapping`;
/*!40101 SET @saved_cs_client     = @@character_set_client */;
/*!40101 SET character_set_client = utf8 */;
CREATE TABLE `requirement_profile_mapping` (
  `ID` int(11) NOT NULL AUTO_INCREMENT,
  `REQUIREMENT_ID` varchar(8) NOT NULL,
  `PROFILE_ID` int(11) NOT NULL,
  `INTERNAL_EVALUATION_RESULT` int(11) DEFAULT NULL,
  `CUSTOMER_INTERVIEW_STATUS` int(11) DEFAULT NULL,
  `REMARKS` varchar(500) DEFAULT NULL,
  `CREATED_ON` timestamp NOT NULL DEFAULT CURRENT_TIMESTAMP ON UPDATE CURRENT_TIMESTAMP,
  `CREATED_BY` int(11) NOT NULL,
  `UPDATED_ON` timestamp NOT NULL DEFAULT '0000-00-00 00:00:00',
  `UPDATED_BY` int(11) DEFAULT NULL,
  PRIMARY KEY (`ID`),
  KEY `REQUIREMENT_CUSTOMER` (`CUSTOMER_INTERVIEW_STATUS`),
  KEY `REQUIREMENT_INTERNAL` (`INTERNAL_EVALUATION_RESULT`),
  KEY `REQUIREMENT_PROFILE_MAPPING_PROFILE` (`PROFILE_ID`),
  KEY `REQUIREMENT_PROFILE_MAPPING_REQUIREMENT` (`REQUIREMENT_ID`),
  KEY `REQUIREMENT_PROFILE_MAPPING_USER_CREATE` (`CREATED_BY`),
  KEY `REQUIREMENT_PROFILE_MAPPING_USER_UPDATE` (`UPDATED_BY`),
  CONSTRAINT `REQUIREMENT_CUSTOMER` FOREIGN KEY (`CUSTOMER_INTERVIEW_STATUS`) REFERENCES `config_key_value_mapping` (`ID`),
  CONSTRAINT `REQUIREMENT_INTERNAL` FOREIGN KEY (`INTERNAL_EVALUATION_RESULT`) REFERENCES `config_key_value_mapping` (`ID`),
  CONSTRAINT `REQUIREMENT_PROFILE_MAPPING_PROFILE` FOREIGN KEY (`PROFILE_ID`) REFERENCES `profile` (`ID`),
  CONSTRAINT `REQUIREMENT_PROFILE_MAPPING_REQUIREMENT` FOREIGN KEY (`REQUIREMENT_ID`) REFERENCES `requirement` (`ID`),
  CONSTRAINT `REQUIREMENT_PROFILE_MAPPING_USER_CREATE` FOREIGN KEY (`CREATED_BY`) REFERENCES `user` (`ID`),
  CONSTRAINT `REQUIREMENT_PROFILE_MAPPING_USER_UPDATE` FOREIGN KEY (`UPDATED_BY`) REFERENCES `user` (`ID`)
) ENGINE=InnoDB AUTO_INCREMENT=7 DEFAULT CHARSET=utf8;
/*!40101 SET character_set_client = @saved_cs_client */;

--
-- Dumping data for table `requirement_profile_mapping`
--

LOCK TABLES `requirement_profile_mapping` WRITE;
/*!40000 ALTER TABLE `requirement_profile_mapping` DISABLE KEYS */;
INSERT INTO `requirement_profile_mapping` VALUES (3,'C3456786',3,NULL,NULL,NULL,'2018-04-18 18:30:00',1,'0000-00-00 00:00:00',NULL),(6,'AAAAAAA5',10,NULL,NULL,NULL,'2018-07-03 10:00:38',1,'0000-00-00 00:00:00',NULL);
/*!40000 ALTER TABLE `requirement_profile_mapping` ENABLE KEYS */;
UNLOCK TABLES;

--
-- Table structure for table `user`
--

DROP TABLE IF EXISTS `user`;
/*!40101 SET @saved_cs_client     = @@character_set_client */;
/*!40101 SET character_set_client = utf8 */;
CREATE TABLE `user` (
  `ID` int(11) NOT NULL AUTO_INCREMENT,
  `NAME` varchar(255) NOT NULL,
  `EMAIL` varchar(255) NOT NULL,
  `CONTACT_NO` varchar(10) DEFAULT NULL,
  `PASSWORD` varchar(8) DEFAULT NULL,
  `CREATED_ON` timestamp NOT NULL DEFAULT CURRENT_TIMESTAMP ON UPDATE CURRENT_TIMESTAMP,
  `CREATED_BY` int(11) NOT NULL,
  `UPDATED_ON` timestamp NOT NULL DEFAULT '0000-00-00 00:00:00',
  `UPDATED_BY` int(11) DEFAULT NULL,
  PRIMARY KEY (`ID`),
  UNIQUE KEY `USER_AK_1` (`EMAIL`),
  KEY `USER_USER_CREATE` (`CREATED_BY`),
  KEY `USER_USER_UPDATE` (`UPDATED_BY`),
  CONSTRAINT `USER_USER_CREATE` FOREIGN KEY (`CREATED_BY`) REFERENCES `user` (`ID`),
  CONSTRAINT `USER_USER_UPDATE` FOREIGN KEY (`UPDATED_BY`) REFERENCES `user` (`ID`)
) ENGINE=InnoDB AUTO_INCREMENT=3 DEFAULT CHARSET=utf8;
/*!40101 SET character_set_client = @saved_cs_client */;

--
-- Dumping data for table `user`
--

LOCK TABLES `user` WRITE;
/*!40000 ALTER TABLE `user` DISABLE KEYS */;
INSERT INTO `user` VALUES (1,'Sangeetha','ss00474123@techmahindra.com','9962597225','sange@19','2018-06-18 09:41:10',1,'0000-00-00 00:00:00',NULL),(2,'Agalya','as00490953@TechMahindra.com','1234567890','agal1234','2018-06-18 09:41:10',2,'0000-00-00 00:00:00',NULL);
/*!40000 ALTER TABLE `user` ENABLE KEYS */;
UNLOCK TABLES;

--
-- Table structure for table `user_page_permission`
--

DROP TABLE IF EXISTS `user_page_permission`;
/*!40101 SET @saved_cs_client     = @@character_set_client */;
/*!40101 SET character_set_client = utf8 */;
CREATE TABLE `user_page_permission` (
  `ID` int(11) NOT NULL AUTO_INCREMENT,
  `USER_ROLE_MAPPING_ID` int(11) NOT NULL,
  `PAGE` int(11) NOT NULL,
  `PERMISSION` varchar(25) NOT NULL,
  `CREATED_ON` timestamp NOT NULL DEFAULT CURRENT_TIMESTAMP ON UPDATE CURRENT_TIMESTAMP,
  `CREATED_BY` int(11) NOT NULL,
  `UPDATED_ON` timestamp NOT NULL DEFAULT '0000-00-00 00:00:00',
  `UPDATED_BY` int(11) DEFAULT NULL,
  PRIMARY KEY (`ID`),
  KEY `USER_PAGE_PERMISSION_USER_ROLE_MAPPING` (`USER_ROLE_MAPPING_ID`),
  KEY `USER_PAGE_PERMISSION` (`PERMISSION`),
  KEY `USER_PAGE_PERMISSION_PAGE` (`PAGE`),
  KEY `USER_PAGE_PERMISSION_USER_CREATE` (`CREATED_BY`),
  KEY `USER_PAGE_PERMISSION_USER_UPDATE` (`UPDATED_BY`),
  CONSTRAINT `USER_PAGE_PERMISSION_PAGE` FOREIGN KEY (`PAGE`) REFERENCES `admin_info_key_value_mapping` (`ID`),
  CONSTRAINT `USER_PAGE_PERMISSION_USER_CREATE` FOREIGN KEY (`CREATED_BY`) REFERENCES `user` (`ID`),
  CONSTRAINT `USER_PAGE_PERMISSION_USER_ROLE_MAPPING` FOREIGN KEY (`USER_ROLE_MAPPING_ID`) REFERENCES `user_role_mapping` (`ID`),
  CONSTRAINT `USER_PAGE_PERMISSION_USER_UPDATE` FOREIGN KEY (`UPDATED_BY`) REFERENCES `user` (`ID`)
) ENGINE=InnoDB DEFAULT CHARSET=utf8;
/*!40101 SET character_set_client = @saved_cs_client */;

--
-- Dumping data for table `user_page_permission`
--

LOCK TABLES `user_page_permission` WRITE;
/*!40000 ALTER TABLE `user_page_permission` DISABLE KEYS */;
/*!40000 ALTER TABLE `user_page_permission` ENABLE KEYS */;
UNLOCK TABLES;

--
-- Table structure for table `user_role_account_mapping`
--

DROP TABLE IF EXISTS `user_role_account_mapping`;
/*!40101 SET @saved_cs_client     = @@character_set_client */;
/*!40101 SET character_set_client = utf8 */;
CREATE TABLE `user_role_account_mapping` (
  `ID` int(11) NOT NULL AUTO_INCREMENT,
  `USER_ROLE_ID` int(11) NOT NULL,
  `ACCOUNT_ID` int(11) NOT NULL,
  `CREATED_ON` timestamp NOT NULL DEFAULT CURRENT_TIMESTAMP ON UPDATE CURRENT_TIMESTAMP,
  `CREATED_BY` int(11) NOT NULL,
  `UPDATED_ON` timestamp NOT NULL DEFAULT '0000-00-00 00:00:00',
  `UPDATED_BY` int(11) DEFAULT NULL,
  PRIMARY KEY (`ID`),
  KEY `user_role_account_mapping_USER_ROLE` (`USER_ROLE_ID`),
  KEY `user_role_account_mapping_ACCOUNT` (`ACCOUNT_ID`),
  KEY `user_role_account_mapping_CREATE` (`CREATED_BY`),
  KEY `user_role_account_mapping_UPDATE` (`UPDATED_BY`),
  CONSTRAINT `user_role_account_mapping_ACCOUNT` FOREIGN KEY (`ACCOUNT_ID`) REFERENCES `account_mapping` (`ID`),
  CONSTRAINT `user_role_account_mapping_CREATE` FOREIGN KEY (`CREATED_BY`) REFERENCES `user` (`ID`),
  CONSTRAINT `user_role_account_mapping_UPDATE` FOREIGN KEY (`UPDATED_BY`) REFERENCES `user` (`ID`),
  CONSTRAINT `user_role_account_mapping_USER_ROLE` FOREIGN KEY (`USER_ROLE_ID`) REFERENCES `user_role_mapping` (`ID`)
) ENGINE=InnoDB AUTO_INCREMENT=2 DEFAULT CHARSET=utf8;
/*!40101 SET character_set_client = @saved_cs_client */;

--
-- Dumping data for table `user_role_account_mapping`
--

LOCK TABLES `user_role_account_mapping` WRITE;
/*!40000 ALTER TABLE `user_role_account_mapping` DISABLE KEYS */;
INSERT INTO `user_role_account_mapping` VALUES (1,1,1,'2018-05-11 18:30:00',1,'0000-00-00 00:00:00',NULL);
/*!40000 ALTER TABLE `user_role_account_mapping` ENABLE KEYS */;
UNLOCK TABLES;

--
-- Table structure for table `user_role_mapping`
--

DROP TABLE IF EXISTS `user_role_mapping`;
/*!40101 SET @saved_cs_client     = @@character_set_client */;
/*!40101 SET character_set_client = utf8 */;
CREATE TABLE `user_role_mapping` (
  `ID` int(11) NOT NULL AUTO_INCREMENT,
  `USER_ID` int(11) NOT NULL,
  `ROLE` int(11) NOT NULL,
  `CREATED_ON` timestamp NOT NULL DEFAULT CURRENT_TIMESTAMP ON UPDATE CURRENT_TIMESTAMP,
  `CREATED_BY` int(11) NOT NULL,
  `UPDATED_ON` timestamp NOT NULL DEFAULT '0000-00-00 00:00:00',
  `UPDATED_BY` int(11) DEFAULT NULL,
  PRIMARY KEY (`ID`),
  KEY `USER_ROLE_MAPPING_USER` (`USER_ID`),
  KEY `USER_ROLE_MAPPING_ROLE` (`ROLE`),
  KEY `USER_ROLE_MAPPING_USER_CREATE` (`CREATED_BY`),
  KEY `USER_ROLE_MAPPING_USER_UPDATE` (`UPDATED_BY`),
  CONSTRAINT `USER_ROLE_MAPPING_ROLE` FOREIGN KEY (`ROLE`) REFERENCES `admin_info_key_value_mapping` (`ID`),
  CONSTRAINT `USER_ROLE_MAPPING_USER` FOREIGN KEY (`USER_ID`) REFERENCES `user` (`ID`),
  CONSTRAINT `USER_ROLE_MAPPING_USER_CREATE` FOREIGN KEY (`CREATED_BY`) REFERENCES `user` (`ID`),
  CONSTRAINT `USER_ROLE_MAPPING_USER_UPDATE` FOREIGN KEY (`UPDATED_BY`) REFERENCES `user` (`ID`)
) ENGINE=InnoDB AUTO_INCREMENT=2 DEFAULT CHARSET=utf8;
/*!40101 SET character_set_client = @saved_cs_client */;

--
-- Dumping data for table `user_role_mapping`
--

LOCK TABLES `user_role_mapping` WRITE;
/*!40000 ALTER TABLE `user_role_mapping` DISABLE KEYS */;
INSERT INTO `user_role_mapping` VALUES (1,1,2,'2018-04-18 18:30:00',1,'0000-00-00 00:00:00',NULL);
/*!40000 ALTER TABLE `user_role_mapping` ENABLE KEYS */;
UNLOCK TABLES;
/*!40103 SET TIME_ZONE=@OLD_TIME_ZONE */;

/*!40101 SET SQL_MODE=@OLD_SQL_MODE */;
/*!40014 SET FOREIGN_KEY_CHECKS=@OLD_FOREIGN_KEY_CHECKS */;
/*!40014 SET UNIQUE_CHECKS=@OLD_UNIQUE_CHECKS */;
/*!40101 SET CHARACTER_SET_CLIENT=@OLD_CHARACTER_SET_CLIENT */;
/*!40101 SET CHARACTER_SET_RESULTS=@OLD_CHARACTER_SET_RESULTS */;
/*!40101 SET COLLATION_CONNECTION=@OLD_COLLATION_CONNECTION */;
/*!40111 SET SQL_NOTES=@OLD_SQL_NOTES */;

-- Dump completed on 2018-07-03 16:23:46
