Create database tmp;
use tmp;


-- MySQL dump 10.13  Distrib 5.6.17, for Win32 (x86)
--
-- Host: localhost    Database: tmp
-- ------------------------------------------------------
-- Server version	5.6.23-log

/*!40101 SET @OLD_CHARACTER_SET_CLIENT=@@CHARACTER_SET_CLIENT */;
/*!40101 SET @OLD_CHARACTER_SET_RESULTS=@@CHARACTER_SET_RESULTS */;
/*!40101 SET @OLD_COLLATION_CONNECTION=@@COLLATION_CONNECTION */;
/*!40101 SET NAMES utf8 */;
/*!40103 SET @OLD_TIME_ZONE=@@TIME_ZONE */;
/*!40103 SET TIME_ZONE='+00:00' */;
/*!40014 SET @OLD_UNIQUE_CHECKS=@@UNIQUE_CHECKS, UNIQUE_CHECKS=0 */;
/*!40014 SET @OLD_FOREIGN_KEY_CHECKS=@@FOREIGN_KEY_CHECKS, FOREIGN_KEY_CHECKS=0 */;
/*!40101 SET @OLD_SQL_MODE=@@SQL_MODE, SQL_MODE='NO_AUTO_VALUE_ON_ZERO' */;
/*!40111 SET @OLD_SQL_NOTES=@@SQL_NOTES, SQL_NOTES=0 */;

--
-- Table structure for table `account_mapping`
--

DROP TABLE IF EXISTS `account_mapping`;
/*!40101 SET @saved_cs_client     = @@character_set_client */;
/*!40101 SET character_set_client = utf8 */;
CREATE TABLE `account_mapping` (
  `ID` int(11) NOT NULL AUTO_INCREMENT,
  `ORGANIZATION` int(11) DEFAULT NULL,
  `IBG` int(11) DEFAULT NULL,
  `IBU` int(11) DEFAULT NULL,
  `ACCOUNT` int(11) DEFAULT NULL,
  `CREATED_ON` timestamp NOT NULL DEFAULT CURRENT_TIMESTAMP ON UPDATE CURRENT_TIMESTAMP,
  `CREATED_BY` int(11) NOT NULL,
  `UPDATED_ON` timestamp NOT NULL DEFAULT '0000-00-00 00:00:00',
  `UPDATED_BY` int(11) DEFAULT NULL,
  PRIMARY KEY (`ID`),
  KEY `ACCOUNT_MAPPING_ACCOUNT` (`IBU`),
  KEY `ACCOUNT_MAPPING_ORG` (`ORGANIZATION`),
  KEY `ACCOUNT_MAPPING_USER_CREATE` (`CREATED_BY`),
  KEY `ACCOUNT_MAPPING_USER_UPDATE` (`UPDATED_BY`),
  KEY `ACCOUNT_MAPPING_PROJECT_idx` (`ACCOUNT`),
  CONSTRAINT `ACCOUNT_MAPPING_ACCOUNT` FOREIGN KEY (`ACCOUNT`) REFERENCES `admin_info_key_value_mapping` (`ID`),
  CONSTRAINT `ACCOUNT_MAPPING_IBU` FOREIGN KEY (`IBU`) REFERENCES `admin_info_key_value_mapping` (`ID`),
  CONSTRAINT `ACCOUNT_MAPPING_ORG` FOREIGN KEY (`ORGANIZATION`) REFERENCES `admin_info_key_value_mapping` (`ID`),
  CONSTRAINT `ACCOUNT_MAPPING_USER_CREATE` FOREIGN KEY (`CREATED_BY`) REFERENCES `user` (`ID`),
  CONSTRAINT `ACCOUNT_MAPPING_USER_UPDATE` FOREIGN KEY (`UPDATED_BY`) REFERENCES `user` (`ID`)
) ENGINE=InnoDB AUTO_INCREMENT=18 DEFAULT CHARSET=utf8;
/*!40101 SET character_set_client = @saved_cs_client */;

--
-- Dumping data for table `account_mapping`
--

LOCK TABLES `account_mapping` WRITE;
/*!40000 ALTER TABLE `account_mapping` DISABLE KEYS */;
INSERT INTO `account_mapping` VALUES (1,7,8,9,10,'2018-04-18 18:30:00',1,'0000-00-00 00:00:00',NULL),(2,7,8,9,11,'2018-04-18 18:30:00',1,'0000-00-00 00:00:00',NULL),(3,7,8,9,12,'2018-04-18 18:30:00',1,'0000-00-00 00:00:00',NULL),(4,7,8,9,13,'2018-04-18 18:30:00',1,'0000-00-00 00:00:00',NULL),(5,7,31,32,33,'2018-08-03 14:24:31',1,'0000-00-00 00:00:00',NULL),(6,7,31,32,35,'2018-08-03 14:24:31',1,'0000-00-00 00:00:00',NULL),(7,7,31,32,36,'2018-08-03 14:24:31',1,'0000-00-00 00:00:00',NULL),(8,7,38,9,38,'2018-08-03 14:27:07',1,'0000-00-00 00:00:00',NULL),(9,7,39,9,39,'2018-08-03 14:30:27',1,'0000-00-00 00:00:00',NULL),(10,7,40,32,40,'2018-08-06 05:02:53',1,'0000-00-00 00:00:00',NULL),(11,7,31,32,42,'2018-08-06 07:52:08',1,'0000-00-00 00:00:00',NULL),(12,7,31,32,43,'2018-08-06 07:52:08',1,'0000-00-00 00:00:00',NULL),(13,7,31,32,44,'2018-08-06 07:52:08',1,'0000-00-00 00:00:00',NULL),(14,7,8,9,45,'2018-08-06 07:52:08',1,'0000-00-00 00:00:00',NULL),(15,7,8,9,47,'2018-08-06 08:07:22',1,'0000-00-00 00:00:00',NULL),(16,7,8,9,48,'2018-08-06 10:06:24',1,'0000-00-00 00:00:00',NULL),(17,7,8,9,51,'2018-08-22 07:18:54',1,'0000-00-00 00:00:00',NULL);
/*!40000 ALTER TABLE `account_mapping` ENABLE KEYS */;
UNLOCK TABLES;

--
-- Table structure for table `admin_info_key`
--

DROP TABLE IF EXISTS `admin_info_key`;
/*!40101 SET @saved_cs_client     = @@character_set_client */;
/*!40101 SET character_set_client = utf8 */;
CREATE TABLE `admin_info_key` (
  `ID` int(11) NOT NULL AUTO_INCREMENT,
  `KEY` varchar(255) NOT NULL,
  `CREATED_ON` timestamp NOT NULL DEFAULT CURRENT_TIMESTAMP ON UPDATE CURRENT_TIMESTAMP,
  `CREATED_BY` int(11) NOT NULL,
  `UPDATED_ON` timestamp NOT NULL DEFAULT '0000-00-00 00:00:00',
  `UPDATED_BY` int(11) DEFAULT NULL,
  PRIMARY KEY (`ID`),
  KEY `ADMIN_INFO_KEY_USER_CREATE` (`CREATED_BY`),
  KEY `ADMIN_INFO_KEY_USER_UPDATE` (`UPDATED_BY`),
  CONSTRAINT `ADMIN_INFO_KEY_USER_CREATE` FOREIGN KEY (`CREATED_BY`) REFERENCES `user` (`ID`),
  CONSTRAINT `ADMIN_INFO_KEY_USER_UPDATE` FOREIGN KEY (`UPDATED_BY`) REFERENCES `user` (`ID`)
) ENGINE=InnoDB AUTO_INCREMENT=10 DEFAULT CHARSET=utf8;
/*!40101 SET character_set_client = @saved_cs_client */;

--
-- Dumping data for table `admin_info_key`
--

LOCK TABLES `admin_info_key` WRITE;
/*!40000 ALTER TABLE `admin_info_key` DISABLE KEYS */;
INSERT INTO `admin_info_key` VALUES (1,'Admin','2018-08-01 09:32:09',1,'0000-00-00 00:00:00',NULL),(2,'User','2018-07-31 12:04:16',1,'2018-04-18 18:30:00',NULL),(3,'Organization','2018-04-18 18:30:00',1,'0000-00-00 00:00:00',NULL),(4,'IBG','2018-04-18 18:30:00',1,'0000-00-00 00:00:00',NULL),(5,'IBU','2018-04-18 18:30:00',1,'0000-00-00 00:00:00',NULL),(6,'Account','2018-04-18 18:30:00',1,'0000-00-00 00:00:00',NULL),(7,'Project','2018-04-18 18:30:00',1,'0000-00-00 00:00:00',NULL),(8,'Page','2018-04-18 18:30:00',1,'0000-00-00 00:00:00',NULL),(9,'Permission','2018-04-18 18:30:00',1,'0000-00-00 00:00:00',NULL);
/*!40000 ALTER TABLE `admin_info_key` ENABLE KEYS */;
UNLOCK TABLES;

--
-- Table structure for table `admin_info_key_value_mapping`
--

DROP TABLE IF EXISTS `admin_info_key_value_mapping`;
/*!40101 SET @saved_cs_client     = @@character_set_client */;
/*!40101 SET character_set_client = utf8 */;
CREATE TABLE `admin_info_key_value_mapping` (
  `ID` int(11) NOT NULL AUTO_INCREMENT,
  `ADMIN_INFO_KEY_ID` int(11) NOT NULL,
  `ADMIN_INFO_VALUE_ID` int(11) NOT NULL,
  `CREATED_ON` timestamp NOT NULL DEFAULT CURRENT_TIMESTAMP ON UPDATE CURRENT_TIMESTAMP,
  `CREATED_BY` int(11) NOT NULL,
  `UPDATED_ON` timestamp NOT NULL DEFAULT '0000-00-00 00:00:00',
  `UPDATED_BY` int(11) DEFAULT NULL,
  PRIMARY KEY (`ID`),
  KEY `ADMIN_INFO_KEY_VALUE_MAPPING_ADMIN_INFO_KEY` (`ADMIN_INFO_KEY_ID`),
  KEY `ADMIN_INFO_KEY_VALUE_MAPPING_ADMIN_INFO_VALUE` (`ADMIN_INFO_VALUE_ID`),
  KEY `ADMIN_INFO_KEY_VALUE_MAPPING_USER_CREATE` (`CREATED_BY`),
  KEY `ADMIN_INFO_KEY_VALUE_MAPPING_USER_UPDATE` (`UPDATED_BY`),
  CONSTRAINT `ADMIN_INFO_KEY_VALUE_MAPPING_ADMIN_INFO_KEY` FOREIGN KEY (`ADMIN_INFO_KEY_ID`) REFERENCES `admin_info_key` (`ID`),
  CONSTRAINT `ADMIN_INFO_KEY_VALUE_MAPPING_ADMIN_INFO_VALUE` FOREIGN KEY (`ADMIN_INFO_VALUE_ID`) REFERENCES `admin_info_value` (`ID`),
  CONSTRAINT `ADMIN_INFO_KEY_VALUE_MAPPING_USER_CREATE` FOREIGN KEY (`CREATED_BY`) REFERENCES `user` (`ID`),
  CONSTRAINT `ADMIN_INFO_KEY_VALUE_MAPPING_USER_UPDATE` FOREIGN KEY (`UPDATED_BY`) REFERENCES `user` (`ID`)
) ENGINE=InnoDB AUTO_INCREMENT=59 DEFAULT CHARSET=utf8;
/*!40101 SET character_set_client = @saved_cs_client */;

--
-- Dumping data for table `admin_info_key_value_mapping`
--

LOCK TABLES `admin_info_key_value_mapping` WRITE;
/*!40000 ALTER TABLE `admin_info_key_value_mapping` DISABLE KEYS */;
INSERT INTO `admin_info_key_value_mapping` VALUES (1,2,2,'2018-04-18 18:30:00',2,'0000-00-00 00:00:00',NULL),(2,1,1,'2018-04-18 18:30:00',1,'0000-00-00 00:00:00',NULL),(3,2,2,'2018-06-07 12:50:07',1,'0000-00-00 00:00:00',NULL),(4,2,3,'2018-06-07 12:50:07',1,'0000-00-00 00:00:00',NULL),(5,2,4,'2018-06-07 12:50:07',1,'0000-00-00 00:00:00',NULL),(6,2,5,'2018-06-07 12:50:07',1,'0000-00-00 00:00:00',NULL),(7,3,6,'2018-04-18 18:30:00',1,'0000-00-00 00:00:00',NULL),(8,4,7,'2018-04-18 18:30:00',1,'0000-00-00 00:00:00',NULL),(9,5,8,'2018-04-18 18:30:00',1,'0000-00-00 00:00:00',NULL),(10,6,9,'2018-04-18 18:30:00',1,'0000-00-00 00:00:00',NULL),(11,6,10,'2018-04-18 18:30:00',1,'0000-00-00 00:00:00',NULL),(12,6,11,'2018-04-18 18:30:00',1,'0000-00-00 00:00:00',NULL),(13,6,12,'2018-04-18 18:30:00',1,'0000-00-00 00:00:00',NULL),(14,7,13,'2018-04-18 18:30:00',1,'0000-00-00 00:00:00',NULL),(15,7,14,'2018-04-18 18:30:00',1,'0000-00-00 00:00:00',NULL),(16,7,15,'2018-04-18 18:30:00',1,'0000-00-00 00:00:00',NULL),(17,7,16,'2018-04-18 18:30:00',1,'0000-00-00 00:00:00',NULL),(18,8,17,'2018-04-18 18:30:00',1,'0000-00-00 00:00:00',NULL),(19,8,18,'2018-04-18 18:30:00',1,'0000-00-00 00:00:00',NULL),(20,8,19,'2018-04-18 18:30:00',1,'0000-00-00 00:00:00',NULL),(21,9,20,'2018-04-18 18:30:00',1,'0000-00-00 00:00:00',NULL),(22,9,21,'2018-04-18 18:30:00',1,'0000-00-00 00:00:00',NULL),(23,9,22,'2018-04-18 18:30:00',1,'0000-00-00 00:00:00',NULL),(24,7,23,'2018-04-18 18:30:00',2,'0000-00-00 00:00:00',NULL),(25,7,24,'2018-04-18 18:30:00',2,'0000-00-00 00:00:00',NULL),(26,7,25,'2018-04-18 18:30:00',3,'0000-00-00 00:00:00',NULL),(27,4,26,'2018-08-03 07:47:55',1,'0000-00-00 00:00:00',NULL),(28,5,27,'2018-08-03 07:51:54',1,'0000-00-00 00:00:00',NULL),(29,6,28,'2018-08-03 07:57:00',1,'0000-00-00 00:00:00',NULL),(30,7,29,'2018-08-03 07:57:00',1,'0000-00-00 00:00:00',NULL),(31,4,30,'2018-08-03 07:57:00',1,'0000-00-00 00:00:00',NULL),(32,5,31,'2018-08-03 07:57:00',1,'0000-00-00 00:00:00',NULL),(33,6,32,'2018-08-03 12:49:50',1,'0000-00-00 00:00:00',NULL),(34,7,33,'2018-08-03 13:08:12',1,'0000-00-00 00:00:00',NULL),(35,6,34,'2018-08-03 13:44:27',1,'0000-00-00 00:00:00',NULL),(36,6,35,'2018-08-03 13:53:12',1,'0000-00-00 00:00:00',NULL),(37,7,36,'2018-08-03 13:55:01',1,'0000-00-00 00:00:00',NULL),(38,6,37,'2018-08-03 14:27:07',1,'0000-00-00 00:00:00',NULL),(39,6,38,'2018-08-03 14:30:27',1,'0000-00-00 00:00:00',NULL),(40,6,39,'2018-08-06 05:02:53',1,'0000-00-00 00:00:00',NULL),(41,7,40,'2018-08-06 05:02:53',1,'0000-00-00 00:00:00',NULL),(42,6,41,'2018-08-06 05:04:28',1,'0000-00-00 00:00:00',NULL),(43,6,42,'2018-08-06 05:08:37',1,'0000-00-00 00:00:00',NULL),(44,6,43,'2018-08-06 07:10:25',1,'0000-00-00 00:00:00',NULL),(45,6,44,'2018-08-06 07:23:17',1,'0000-00-00 00:00:00',NULL),(46,7,45,'2018-08-06 07:23:18',1,'0000-00-00 00:00:00',NULL),(47,6,46,'2018-08-06 08:07:22',1,'0000-00-00 00:00:00',NULL),(48,6,47,'2018-08-06 10:06:17',1,'0000-00-00 00:00:00',NULL),(49,7,48,'2018-08-06 10:12:07',1,'0000-00-00 00:00:00',NULL),(50,7,49,'2018-08-06 15:06:58',1,'0000-00-00 00:00:00',NULL),(51,6,50,'2018-08-09 11:40:48',1,'0000-00-00 00:00:00',NULL),(52,7,51,'2018-08-09 11:40:48',1,'0000-00-00 00:00:00',NULL),(53,4,52,'2018-08-09 11:44:18',1,'0000-00-00 00:00:00',NULL),(54,7,53,'2018-08-09 11:44:18',1,'0000-00-00 00:00:00',NULL),(55,7,54,'2018-08-10 14:04:07',1,'0000-00-00 00:00:00',NULL),(56,7,55,'2018-08-22 05:56:59',1,'0000-00-00 00:00:00',NULL),(57,7,56,'2018-08-22 06:17:07',1,'0000-00-00 00:00:00',NULL),(58,7,57,'2018-08-22 06:47:00',1,'0000-00-00 00:00:00',NULL);
/*!40000 ALTER TABLE `admin_info_key_value_mapping` ENABLE KEYS */;
UNLOCK TABLES;

--
-- Table structure for table `admin_info_value`
--

DROP TABLE IF EXISTS `admin_info_value`;
/*!40101 SET @saved_cs_client     = @@character_set_client */;
/*!40101 SET character_set_client = utf8 */;
CREATE TABLE `admin_info_value` (
  `ID` int(11) NOT NULL AUTO_INCREMENT,
  `VALUE` varchar(255) NOT NULL,
  `CREATED_ON` timestamp NOT NULL DEFAULT CURRENT_TIMESTAMP ON UPDATE CURRENT_TIMESTAMP,
  `CREATED_BY` int(11) NOT NULL,
  `UPDATED_ON` timestamp NOT NULL DEFAULT '0000-00-00 00:00:00',
  `UPDATED_BY` int(11) DEFAULT NULL,
  PRIMARY KEY (`ID`),
  KEY `ADMIN_INFO_VALUE_USER_CREATE` (`CREATED_BY`),
  KEY `ADMIN_INFO_VALUE_USER_UPDATE` (`UPDATED_BY`),
  CONSTRAINT `ADMIN_INFO_VALUE_USER_CREATE` FOREIGN KEY (`CREATED_BY`) REFERENCES `user` (`ID`),
  CONSTRAINT `ADMIN_INFO_VALUE_USER_UPDATE` FOREIGN KEY (`UPDATED_BY`) REFERENCES `user` (`ID`)
) ENGINE=InnoDB AUTO_INCREMENT=58 DEFAULT CHARSET=utf8;
/*!40101 SET character_set_client = @saved_cs_client */;

--
-- Dumping data for table `admin_info_value`
--

LOCK TABLES `admin_info_value` WRITE;
/*!40000 ALTER TABLE `admin_info_value` DISABLE KEYS */;
INSERT INTO `admin_info_value` VALUES (1,'Resource SPOC','2018-04-18 18:30:00',1,'0000-00-00 00:00:00',NULL),(2,'IBU Head','2018-04-18 18:30:00',1,'0000-00-00 00:00:00',NULL),(3,'Delivery Manager','2018-04-18 18:30:00',1,'0000-00-00 00:00:00',NULL),(4,'Project Manager','2018-04-18 18:30:00',1,'0000-00-00 00:00:00',NULL),(5,'PMO','2018-04-18 18:30:00',1,'0000-00-00 00:00:00',NULL),(6,'Tech Mahindra','2018-04-18 18:30:00',1,'0000-00-00 00:00:00',NULL),(7,'IMFG','2018-04-18 18:30:00',1,'0000-00-00 00:00:00',NULL),(8,'IAUT','2018-04-18 18:30:00',1,'0000-00-00 00:00:00',NULL),(9,'Ford','2018-04-18 18:30:00',1,'0000-00-00 00:00:00',NULL),(10,'Ford Direct','2018-04-18 18:30:00',1,'0000-00-00 00:00:00',NULL),(11,'Mazda','2018-04-18 18:30:00',1,'0000-00-00 00:00:00',NULL),(12,'TRW','2018-04-18 18:30:00',1,'0000-00-00 00:00:00',NULL),(13,'NGP','2018-04-18 18:30:00',1,'0000-00-00 00:00:00',NULL),(14,'NVO','2018-04-18 18:30:00',1,'0000-00-00 00:00:00',NULL),(15,'OWS','2018-04-18 18:30:00',1,'0000-00-00 00:00:00',NULL),(16,'GPIRS','2018-04-18 18:30:00',1,'0000-00-00 00:00:00',NULL),(17,'Dashboard','2018-04-18 18:30:00',1,'0000-00-00 00:00:00',NULL),(18,'Listing','2018-04-18 18:30:00',1,'0000-00-00 00:00:00',NULL),(19,'Add Requirement','2018-04-18 18:30:00',1,'0000-00-00 00:00:00',NULL),(20,'Read','2018-04-18 18:30:00',1,'0000-00-00 00:00:00',NULL),(21,'Edit','2018-04-18 18:30:00',1,'0000-00-00 00:00:00',NULL),(22,'Delete','2018-04-18 18:30:00',1,'0000-00-00 00:00:00',NULL),(23,'Eport','2018-04-18 18:30:00',2,'0000-00-00 00:00:00',NULL),(24,'ETA','2018-04-18 18:30:00',2,'0000-00-00 00:00:00',NULL),(25,'TRWOS','2018-04-18 18:30:00',3,'0000-00-00 00:00:00',NULL),(26,'CDS','2018-08-03 07:47:55',1,'0000-00-00 00:00:00',NULL),(27,'EOS','2018-08-03 07:51:54',1,'0000-00-00 00:00:00',NULL),(28,'Volvo','2018-08-03 07:57:00',1,'0000-00-00 00:00:00',NULL),(29,'V-Parts','2018-08-03 07:57:00',1,'0000-00-00 00:00:00',NULL),(30,'AUTO','2018-08-03 07:57:00',1,'0000-00-00 00:00:00',NULL),(31,'VEHL','2018-08-03 07:57:00',1,'0000-00-00 00:00:00',NULL),(32,'JRL','2018-08-03 12:49:50',1,'0000-00-00 00:00:00',NULL),(33,'JAQUAR','2018-08-03 13:08:12',1,'0000-00-00 00:00:00',NULL),(34,'JLRS','2018-08-03 13:44:27',1,'0000-00-00 00:00:00',NULL),(35,'JRL OS','2018-08-03 13:53:12',1,'0000-00-00 00:00:00',NULL),(36,'JAQUAR OT','2018-08-03 13:55:01',1,'0000-00-00 00:00:00',NULL),(37,'Navistar','2018-08-03 14:27:07',1,'0000-00-00 00:00:00',NULL),(38,'Start One','2018-08-03 14:30:27',1,'0000-00-00 00:00:00',NULL),(39,'Ford US','2018-08-06 05:02:53',1,'0000-00-00 00:00:00',NULL),(40,'Parts','2018-08-06 05:02:53',1,'0000-00-00 00:00:00',NULL),(41,'Ford UK','2018-08-06 05:04:28',1,'0000-00-00 00:00:00',NULL),(42,'Ford Motor','2018-08-06 05:08:37',1,'0000-00-00 00:00:00',NULL),(43,'Mazda NA','2018-08-06 07:10:25',1,'0000-00-00 00:00:00',NULL),(44,'Mazda US','2018-08-06 07:23:17',1,'0000-00-00 00:00:00',NULL),(45,'Parts 1','2018-08-06 07:25:05',1,'0000-00-00 00:00:00',NULL),(46,'Madza UK','2018-08-06 09:52:53',1,'0000-00-00 00:00:00',NULL),(47,'TRW UK','2018-08-06 10:05:41',1,'0000-00-00 00:00:00',NULL),(48,'PC II','2018-08-06 10:12:07',1,'0000-00-00 00:00:00',NULL),(49,'Testing EOC','2018-08-06 15:06:58',1,'0000-00-00 00:00:00',NULL),(50,'Rivian','2018-08-09 11:40:48',1,'0000-00-00 00:00:00',NULL),(51,'ABC','2018-08-09 11:40:48',1,'0000-00-00 00:00:00',NULL),(52,'CDUSAP','2018-08-09 11:44:18',1,'0000-00-00 00:00:00',NULL),(53,'sapab','2018-08-09 11:44:18',1,'0000-00-00 00:00:00',NULL),(54,'SAPABAP','2018-08-10 14:04:07',1,'0000-00-00 00:00:00',NULL),(55,'SAP S4 HANA Implementation','2018-08-22 05:56:59',1,'0000-00-00 00:00:00',NULL),(56,'Mazda VDI','2018-08-22 06:17:07',1,'0000-00-00 00:00:00',NULL),(57,'VMWare','2018-08-22 06:47:00',1,'0000-00-00 00:00:00',NULL);
/*!40000 ALTER TABLE `admin_info_value` ENABLE KEYS */;
UNLOCK TABLES;

--
-- Table structure for table `config_key`
--

DROP TABLE IF EXISTS `config_key`;
/*!40101 SET @saved_cs_client     = @@character_set_client */;
/*!40101 SET character_set_client = utf8 */;
CREATE TABLE `config_key` (
  `ID` int(11) NOT NULL AUTO_INCREMENT,
  `KEY` varchar(255) NOT NULL,
  `CREATED_ON` timestamp NOT NULL DEFAULT CURRENT_TIMESTAMP ON UPDATE CURRENT_TIMESTAMP,
  `CREATED_BY` int(11) NOT NULL,
  `UPDATED_ON` timestamp NOT NULL DEFAULT '0000-00-00 00:00:00',
  `UPDATED_BY` int(11) DEFAULT NULL,
  PRIMARY KEY (`ID`),
  KEY `CONFIG_KEY_USER_CREATE` (`CREATED_BY`),
  KEY `CONFIG_KEY_USER_UPDATE` (`UPDATED_BY`),
  CONSTRAINT `CONFIG_KEY_USER_CREATE` FOREIGN KEY (`CREATED_BY`) REFERENCES `user` (`ID`),
  CONSTRAINT `CONFIG_KEY_USER_UPDATE` FOREIGN KEY (`UPDATED_BY`) REFERENCES `user` (`ID`)
) ENGINE=InnoDB AUTO_INCREMENT=14 DEFAULT CHARSET=utf8;
/*!40101 SET character_set_client = @saved_cs_client */;

--
-- Dumping data for table `config_key`
--

LOCK TABLES `config_key` WRITE;
/*!40000 ALTER TABLE `config_key` DISABLE KEYS */;
INSERT INTO `config_key` VALUES (1,'Criticality','2018-04-18 18:30:00',1,'0000-00-00 00:00:00',NULL),(2,'Location','2018-04-18 18:30:00',1,'0000-00-00 00:00:00',NULL),(3,'Intimation mode','2018-04-18 18:30:00',1,'0000-00-00 00:00:00',NULL),(4,'Requirement_Type','2018-04-18 18:30:00',1,'0000-00-00 00:00:00',NULL),(5,'position status','2018-04-18 18:30:00',1,'0000-00-00 00:00:00',NULL),(6,'Opportunity status','2018-04-18 18:30:00',1,'0000-00-00 00:00:00',NULL),(7,'Profile source','2018-04-18 18:30:00',1,'0000-00-00 00:00:00',NULL),(8,'Initial evaluation result','2018-04-18 18:30:00',1,'0000-00-00 00:00:00',NULL),(9,'Customer interview status','2018-04-18 18:30:00',1,'0000-00-00 00:00:00',NULL),(10,'Skill Category','2018-06-22 09:31:19',1,'0000-00-00 00:00:00',NULL),(11,'Primary Skill','2018-04-18 18:30:00',1,'0000-00-00 00:00:00',NULL),(12,'No data','2018-08-16 12:39:24',1,'0000-00-00 00:00:00',NULL),(13,'Allocation','2018-08-22 10:57:01',1,'0000-00-00 00:00:00',NULL);
/*!40000 ALTER TABLE `config_key` ENABLE KEYS */;
UNLOCK TABLES;

--
-- Table structure for table `config_key_value_mapping`
--

DROP TABLE IF EXISTS `config_key_value_mapping`;
/*!40101 SET @saved_cs_client     = @@character_set_client */;
/*!40101 SET character_set_client = utf8 */;
CREATE TABLE `config_key_value_mapping` (
  `ID` int(11) NOT NULL AUTO_INCREMENT,
  `CONFIG_KEY_ID` int(11) NOT NULL,
  `CONFIG_VALUE_ID` int(11) NOT NULL,
  `CREATED_ON` timestamp NOT NULL DEFAULT CURRENT_TIMESTAMP ON UPDATE CURRENT_TIMESTAMP,
  `CREATED_BY` int(11) NOT NULL,
  `UPDATED_ON` timestamp NOT NULL DEFAULT '0000-00-00 00:00:00',
  `UPDATED_BY` int(11) DEFAULT NULL,
  PRIMARY KEY (`ID`),
  KEY `CONFIG_KEY_VALUE_MAPPING_CONFIG_KEY` (`CONFIG_KEY_ID`),
  KEY `CONFIG_KEY_VALUE_MAPPING_CONFIG_VALUE` (`CONFIG_VALUE_ID`),
  KEY `CONFIG_KEY_VALUE_MAPPING_USER_CREATE` (`CREATED_BY`),
  KEY `CONFIG_KEY_VALUE_MAPPING_USER_UPDATE` (`UPDATED_BY`),
  CONSTRAINT `CONFIG_KEY_VALUE_MAPPING_CONFIG_KEY` FOREIGN KEY (`CONFIG_KEY_ID`) REFERENCES `config_key` (`ID`),
  CONSTRAINT `CONFIG_KEY_VALUE_MAPPING_CONFIG_VALUE` FOREIGN KEY (`CONFIG_VALUE_ID`) REFERENCES `config_value` (`ID`),
  CONSTRAINT `CONFIG_KEY_VALUE_MAPPING_USER_CREATE` FOREIGN KEY (`CREATED_BY`) REFERENCES `user` (`ID`),
  CONSTRAINT `CONFIG_KEY_VALUE_MAPPING_USER_UPDATE` FOREIGN KEY (`UPDATED_BY`) REFERENCES `user` (`ID`)
) ENGINE=InnoDB AUTO_INCREMENT=62 DEFAULT CHARSET=utf8;
/*!40101 SET character_set_client = @saved_cs_client */;

--
-- Dumping data for table `config_key_value_mapping`
--

LOCK TABLES `config_key_value_mapping` WRITE;
/*!40000 ALTER TABLE `config_key_value_mapping` DISABLE KEYS */;
INSERT INTO `config_key_value_mapping` VALUES (1,1,1,'2018-04-18 18:30:00',1,'0000-00-00 00:00:00',NULL),(2,1,2,'2018-04-18 18:30:00',1,'0000-00-00 00:00:00',NULL),(3,1,3,'2018-04-18 18:30:00',1,'0000-00-00 00:00:00',NULL),(4,1,4,'2018-04-18 18:30:00',1,'0000-00-00 00:00:00',NULL),(5,2,5,'2018-04-18 18:30:00',1,'0000-00-00 00:00:00',NULL),(6,2,6,'2018-04-18 18:30:00',1,'0000-00-00 00:00:00',NULL),(7,3,7,'2018-04-18 18:30:00',1,'0000-00-00 00:00:00',NULL),(8,3,8,'2018-04-18 18:30:00',1,'0000-00-00 00:00:00',NULL),(9,3,9,'2018-04-18 18:30:00',1,'0000-00-00 00:00:00',NULL),(10,4,10,'2018-04-18 18:30:00',1,'0000-00-00 00:00:00',NULL),(11,4,11,'2018-04-18 18:30:00',1,'0000-00-00 00:00:00',NULL),(12,4,12,'2018-04-18 18:30:00',1,'0000-00-00 00:00:00',NULL),(13,4,13,'2018-04-18 18:30:00',1,'0000-00-00 00:00:00',NULL),(14,5,14,'2018-04-18 18:30:00',1,'0000-00-00 00:00:00',NULL),(15,5,15,'2018-04-18 18:30:00',1,'0000-00-00 00:00:00',NULL),(16,5,16,'2018-04-18 18:30:00',1,'0000-00-00 00:00:00',NULL),(17,5,17,'2018-04-18 18:30:00',1,'0000-00-00 00:00:00',NULL),(18,5,18,'2018-04-18 18:30:00',1,'0000-00-00 00:00:00',NULL),(19,5,19,'2018-04-18 18:30:00',1,'0000-00-00 00:00:00',NULL),(20,7,20,'2018-04-18 18:30:00',1,'0000-00-00 00:00:00',NULL),(21,7,21,'2018-04-18 18:30:00',1,'0000-00-00 00:00:00',NULL),(22,7,22,'2018-04-18 18:30:00',1,'0000-00-00 00:00:00',NULL),(23,8,23,'2018-04-18 18:30:00',1,'0000-00-00 00:00:00',NULL),(24,8,24,'2018-04-18 18:30:00',1,'0000-00-00 00:00:00',NULL),(25,8,25,'2018-04-18 18:30:00',1,'0000-00-00 00:00:00',NULL),(26,8,26,'2018-04-18 18:30:00',1,'0000-00-00 00:00:00',NULL),(27,9,23,'2018-08-14 10:35:54',1,'0000-00-00 00:00:00',NULL),(28,9,24,'2018-04-18 18:30:00',1,'0000-00-00 00:00:00',NULL),(29,9,25,'2018-04-18 18:30:00',1,'0000-00-00 00:00:00',NULL),(30,6,28,'2018-04-18 18:30:00',1,'0000-00-00 00:00:00',NULL),(31,6,29,'2018-04-18 18:30:00',1,'0000-00-00 00:00:00',NULL),(32,6,30,'2018-04-18 18:30:00',1,'0000-00-00 00:00:00',NULL),(33,6,25,'2018-04-18 18:30:00',1,'0000-00-00 00:00:00',NULL),(34,10,36,'2018-06-22 09:34:11',1,'0000-00-00 00:00:00',NULL),(35,10,36,'2018-06-22 09:34:11',1,'0000-00-00 00:00:00',NULL),(36,10,36,'2018-06-22 09:34:11',1,'0000-00-00 00:00:00',NULL),(37,11,34,'2018-04-18 18:30:00',1,'0000-00-00 00:00:00',NULL),(38,11,35,'2018-04-18 18:30:00',1,'0000-00-00 00:00:00',NULL),(39,11,31,'2018-04-18 18:30:00',1,'0000-00-00 00:00:00',NULL),(40,11,32,'2018-04-18 18:30:00',1,'0000-00-00 00:00:00',NULL),(41,11,33,'2018-04-18 18:30:00',1,'0000-00-00 00:00:00',NULL),(42,11,43,'2018-07-13 12:23:32',1,'0000-00-00 00:00:00',NULL),(43,11,44,'2018-07-31 10:52:53',1,'0000-00-00 00:00:00',NULL),(44,10,45,'2018-08-01 10:01:45',2,'0000-00-00 00:00:00',NULL),(45,11,46,'2018-08-01 10:01:45',2,'0000-00-00 00:00:00',NULL),(46,10,47,'2018-08-02 12:00:09',1,'0000-00-00 00:00:00',NULL),(47,11,48,'2018-08-02 12:00:09',1,'0000-00-00 00:00:00',NULL),(48,10,49,'2018-08-09 11:44:18',1,'0000-00-00 00:00:00',NULL),(50,12,50,'2018-08-14 11:09:52',1,'0000-00-00 00:00:00',NULL),(51,10,51,'2018-08-16 07:17:47',1,'0000-00-00 00:00:00',NULL),(52,10,34,'2018-08-22 10:58:03',1,'0000-00-00 00:00:00',NULL),(53,10,53,'2018-08-20 12:29:38',1,'0000-00-00 00:00:00',NULL),(54,10,54,'2018-08-21 09:51:26',1,'0000-00-00 00:00:00',NULL),(55,10,55,'2018-08-21 10:58:18',1,'0000-00-00 00:00:00',NULL),(56,10,56,'2018-08-22 06:17:07',1,'0000-00-00 00:00:00',NULL),(57,11,57,'2018-08-22 06:17:07',1,'0000-00-00 00:00:00',NULL),(58,13,58,'2018-08-22 06:17:07',1,'0000-00-00 00:00:00',NULL),(59,13,59,'2018-08-22 06:17:07',1,'0000-00-00 00:00:00',NULL),(60,8,60,'2018-08-22 06:17:07',1,'0000-00-00 00:00:00',NULL),(61,9,61,'2018-08-22 06:17:07',1,'0000-00-00 00:00:00',NULL);
/*!40000 ALTER TABLE `config_key_value_mapping` ENABLE KEYS */;
UNLOCK TABLES;

--
-- Table structure for table `config_value`
--

DROP TABLE IF EXISTS `config_value`;
/*!40101 SET @saved_cs_client     = @@character_set_client */;
/*!40101 SET character_set_client = utf8 */;
CREATE TABLE `config_value` (
  `ID` int(11) NOT NULL AUTO_INCREMENT,
  `VALUE` varchar(255) NOT NULL,
  `CREATED_ON` timestamp NOT NULL DEFAULT CURRENT_TIMESTAMP ON UPDATE CURRENT_TIMESTAMP,
  `CREATED_BY` int(11) NOT NULL,
  `UPDATED_ON` timestamp NOT NULL DEFAULT '0000-00-00 00:00:00',
  `UPDATED_BY` int(11) DEFAULT NULL,
  PRIMARY KEY (`ID`),
  KEY `CONFIG_VALUE_USER_CREATE` (`CREATED_BY`),
  KEY `CONFIG_VALUE_USER_UPDATE` (`UPDATED_BY`),
  CONSTRAINT `CONFIG_VALUE_USER_CREATE` FOREIGN KEY (`CREATED_BY`) REFERENCES `user` (`ID`),
  CONSTRAINT `CONFIG_VALUE_USER_UPDATE` FOREIGN KEY (`UPDATED_BY`) REFERENCES `user` (`ID`)
) ENGINE=InnoDB AUTO_INCREMENT=62 DEFAULT CHARSET=utf8;
/*!40101 SET character_set_client = @saved_cs_client */;

--
-- Dumping data for table `config_value`
--

LOCK TABLES `config_value` WRITE;
/*!40000 ALTER TABLE `config_value` DISABLE KEYS */;
INSERT INTO `config_value` VALUES (1,'Critical','2018-04-18 18:30:00',1,'0000-00-00 00:00:00',NULL),(2,'High','2018-04-18 18:30:00',1,'0000-00-00 00:00:00',NULL),(3,'Medium','2018-04-18 18:30:00',1,'0000-00-00 00:00:00',NULL),(4,'Low','2018-04-18 18:30:00',1,'0000-00-00 00:00:00',NULL),(5,'Onsite','2018-04-18 18:30:00',1,'0000-00-00 00:00:00',NULL),(6,'Offshore','2018-04-18 18:30:00',1,'0000-00-00 00:00:00',NULL),(7,'Mail','2018-04-18 18:30:00',1,'0000-00-00 00:00:00',NULL),(8,'Tool','2018-04-18 18:30:00',1,'0000-00-00 00:00:00',NULL),(9,'Telephonic','2018-04-18 18:30:00',1,'0000-00-00 00:00:00',NULL),(10,'Confirmed','2018-04-18 18:30:00',1,'0000-00-00 00:00:00',NULL),(11,'PSO','2018-04-18 18:30:00',1,'0000-00-00 00:00:00',NULL),(12,'Replacement','2018-04-18 18:30:00',1,'0000-00-00 00:00:00',NULL),(13,'Forecast','2018-04-18 18:30:00',1,'0000-00-00 00:00:00',NULL),(14,'Lead Generation','2018-04-18 18:30:00',1,'0000-00-00 00:00:00',NULL),(15,'Profile Sourcing','2018-07-12 13:45:46',1,'0000-00-00 00:00:00',NULL),(16,'Technical Evaluation','2018-04-18 18:30:00',1,'0000-00-00 00:00:00',NULL),(17,'Customer Evaluation','2018-04-18 18:30:00',1,'0000-00-00 00:00:00',NULL),(18,'Offer Processing','2018-04-18 18:30:00',1,'0000-00-00 00:00:00',NULL),(19,'Onboarding','2018-04-18 18:30:00',1,'0000-00-00 00:00:00',NULL),(20,'Internal','2018-04-18 18:30:00',1,'0000-00-00 00:00:00',NULL),(21,'External','2018-04-18 18:30:00',1,'0000-00-00 00:00:00',NULL),(22,'Subcon','2018-04-18 18:30:00',1,'0000-00-00 00:00:00',NULL),(23,'Shortlisted','2018-04-18 18:30:00',1,'0000-00-00 00:00:00',NULL),(24,'Rejected','2018-04-18 18:30:00',1,'0000-00-00 00:00:00',NULL),(25,'Hold','2018-04-18 18:30:00',1,'0000-00-00 00:00:00',NULL),(26,'Did not process','2018-04-18 18:30:00',1,'0000-00-00 00:00:00',NULL),(27,'Selected','2018-04-18 18:30:00',1,'0000-00-00 00:00:00',NULL),(28,'Open','2018-04-18 18:30:00',1,'0000-00-00 00:00:00',NULL),(29,'Closed','2018-04-18 18:30:00',1,'0000-00-00 00:00:00',NULL),(30,'Lost','2018-04-18 18:30:00',1,'0000-00-00 00:00:00',NULL),(31,'Java','2018-04-18 18:30:00',1,'0000-00-00 00:00:00',NULL),(32,'.Net','2018-04-18 18:30:00',1,'0000-00-00 00:00:00',NULL),(33,'Php','2018-04-18 18:30:00',1,'0000-00-00 00:00:00',NULL),(34,'Core Java with Spring','2018-04-18 18:30:00',1,'0000-00-00 00:00:00',NULL),(35,'Java with Webservices','2018-04-18 18:30:00',1,'0000-00-00 00:00:00',NULL),(36,'ADMS','2018-04-18 18:30:00',1,'0000-00-00 00:00:00',NULL),(42,'HTML','2018-07-13 12:17:23',1,'0000-00-00 00:00:00',NULL),(43,'EOF','2018-07-13 12:23:27',1,'0000-00-00 00:00:00',NULL),(44,'rest service','2018-07-31 10:52:53',1,'0000-00-00 00:00:00',NULL),(45,'SAP ABAB','2018-08-01 10:01:45',2,'0000-00-00 00:00:00',NULL),(46,'SAP','2018-08-01 10:01:45',2,'0000-00-00 00:00:00',NULL),(47,'SAP HANA','2018-08-02 12:00:09',1,'0000-00-00 00:00:00',NULL),(48,'SAP DB','2018-08-02 12:00:09',1,'0000-00-00 00:00:00',NULL),(49,'SAP1','2018-08-09 11:44:18',1,'0000-00-00 00:00:00',NULL),(50,'0','2018-08-09 11:44:18',1,'0000-00-00 00:00:00',NULL),(51,'C#','2018-08-16 07:17:47',1,'0000-00-00 00:00:00',NULL),(52,'No Value','2018-08-16 07:17:47',1,'0000-00-00 00:00:00',NULL),(53,'Web services','2018-08-20 12:29:38',1,'0000-00-00 00:00:00',NULL),(54,'Java fornt end','2018-08-21 09:51:26',1,'0000-00-00 00:00:00',NULL),(55,'SAP ABAP','2018-08-21 10:58:18',1,'0000-00-00 00:00:00',NULL),(56,'Middleware Admin','2018-08-22 06:17:07',1,'0000-00-00 00:00:00',NULL),(57,'VMWare','2018-08-22 06:17:07',1,'0000-00-00 00:00:00',NULL),(58,'Yes','2018-08-22 06:17:07',1,'0000-00-00 00:00:00',NULL),(59,'No','2018-08-22 06:17:07',1,'0000-00-00 00:00:00',NULL),(60,'In Progress','2018-08-22 06:17:07',1,'0000-00-00 00:00:00',NULL),(61,'Yet to Process','2018-08-22 06:17:07',1,'0000-00-00 00:00:00',NULL);
/*!40000 ALTER TABLE `config_value` ENABLE KEYS */;
UNLOCK TABLES;

--
-- Table structure for table `profile`
--

DROP TABLE IF EXISTS `profile`;
/*!40101 SET @saved_cs_client     = @@character_set_client */;
/*!40101 SET character_set_client = utf8 */;
CREATE TABLE `profile` (
  `ID` int(11) NOT NULL AUTO_INCREMENT,
  `NAME` varchar(255) NOT NULL,
  `EMAIL_ID` varchar(255) DEFAULT NULL,
  `CONTACT_NO` varchar(10) NOT NULL,
  `CURRENT_COMPANY` varchar(255) DEFAULT NULL,
  `LOCATION` varchar(255) NOT NULL,
  `PRIMARY_SKILL` int(11) NOT NULL,
  `PROFILE_SHARED_DATE` date NOT NULL,
  `PROFILE_SHARED_BY` varchar(255) NOT NULL,
  `YEARS_OF_EXPERIENCE` int(11) DEFAULT NULL,
  `RELEVANT_EXPERIENCE` int(11) DEFAULT NULL,
  `NOTICE_PERIOD` int(11) DEFAULT NULL,
  `CURRENT_CTC` varchar(50) DEFAULT NULL,
  `EXPECTED_CTC` varchar(50) DEFAULT NULL,
  `IS_ALLOCATED` int(11) DEFAULT NULL,
  `ACCOUNT` int(11) DEFAULT NULL,
  `PROJECT` int(11) DEFAULT NULL,
  `ALLOCATION_START_DATE` date DEFAULT NULL,
  `ALLOCATION_END_DATE` date DEFAULT NULL,
  `CREATED_ON` timestamp NOT NULL DEFAULT CURRENT_TIMESTAMP ON UPDATE CURRENT_TIMESTAMP,
  `CREATED_BY` int(11) NOT NULL,
  `UPDATED_ON` timestamp NULL DEFAULT '0000-00-00 00:00:00',
  `UPDATED_BY` int(11) DEFAULT NULL,
  `PROFILE_SOURCE` int(11) DEFAULT NULL,
  `INTERNAL_EVALUATION_RESULT_DATE` date DEFAULT NULL,
  `INITIAL_EVALUATION_RESULT` int(11) DEFAULT NULL,
  `PROFILE_SHARED_CUSTOMER` varchar(50) DEFAULT NULL,
  `PROFILE_SHARED_CUSTOMER_DATE` date DEFAULT NULL,
  `REMARKS` varchar(255) DEFAULT NULL,
  `CUSTOMER_INTERVIEW_STATUS` int(11) DEFAULT NULL,
  `REQUIREMENT_ID` varchar(14) DEFAULT NULL,
  PRIMARY KEY (`ID`),
  KEY `PROFILE_P_SKILL` (`PRIMARY_SKILL`),
  KEY `PROFILE_ACCOUNT_MAPPING` (`ACCOUNT`),
  KEY `PROFILE_PROJECT_MAPPING` (`PROJECT`),
  KEY `PROFILE_USER_CREATE` (`CREATED_BY`),
  KEY `PROFILE_USER_UPDATE` (`UPDATED_BY`),
  KEY `PROFILE_P_SOURCE` (`PROFILE_SOURCE`),
  KEY `PROFILE_REQUIREMENT_ID_idx` (`REQUIREMENT_ID`),
  CONSTRAINT `PROFILE_ACCOUNT_MAPPING` FOREIGN KEY (`ACCOUNT`) REFERENCES `account_mapping` (`ID`) ON DELETE CASCADE,
  CONSTRAINT `PROFILE_PROJECT_MAPPING` FOREIGN KEY (`PROJECT`) REFERENCES `project_mapping` (`ID`) ON DELETE CASCADE,
  CONSTRAINT `PROFILE_P_SKILL` FOREIGN KEY (`PRIMARY_SKILL`) REFERENCES `config_key_value_mapping` (`ID`) ON DELETE CASCADE ON UPDATE CASCADE,
  CONSTRAINT `PROFILE_P_SOURCE` FOREIGN KEY (`PROFILE_SOURCE`) REFERENCES `config_key_value_mapping` (`ID`) ON DELETE CASCADE ON UPDATE CASCADE,
  CONSTRAINT `PROFILE_REQUIREMENT_ID` FOREIGN KEY (`REQUIREMENT_ID`) REFERENCES `requirement` (`ID`),
  CONSTRAINT `PROFILE_USER_CREATE` FOREIGN KEY (`CREATED_BY`) REFERENCES `user` (`ID`),
  CONSTRAINT `PROFILE_USER_UPDATE` FOREIGN KEY (`UPDATED_BY`) REFERENCES `user` (`ID`)
) ENGINE=InnoDB AUTO_INCREMENT=171 DEFAULT CHARSET=utf8;
/*!40101 SET character_set_client = @saved_cs_client */;

--
-- Dumping data for table `profile`
--

LOCK TABLES `profile` WRITE;
/*!40000 ALTER TABLE `profile` DISABLE KEYS */;
INSERT INTO `profile` VALUES (139,'Saranya','saran@gmail.com','1234567890','CTS','Pune',40,'2018-08-21','Siva',5,5,45,'0','0',59,2,14,NULL,NULL,'2018-08-23 07:33:31',1,'2018-08-21 12:25:57',1,21,NULL,26,'Yes',NULL,'test',28,'REQ21Aug201801'),(146,'Beta','b@b.com','2','BB','Chennai',50,'2018-08-09','RMG',3,3,90,'500000','660000',59,2,18,'0000-00-00','0000-00-00','2018-08-23 07:33:31',1,'0000-00-00 00:00:00',NULL,21,'0000-00-00',50,'Yes','0000-00-00','Test2',50,'REQ21Aug201803'),(147,'Ccatch','c@c.com','3','CC','Chennai',50,'2018-08-09','TAG',3,3,90,'500000','660000',59,2,18,'0000-00-00','0000-00-00','2018-08-23 07:33:31',1,'0000-00-00 00:00:00',NULL,21,'0000-00-00',50,'Yes','0000-00-00','Test3',50,'REQ21Aug201803'),(148,'Ddeck','d@d.com','4','DD','Chennai',50,'2018-08-09','',3,3,90,'500000','660000',59,2,18,'0000-00-00','0000-00-00','2018-08-23 07:33:31',1,'0000-00-00 00:00:00',NULL,21,'0000-00-00',50,'Yes','0000-00-00','Test4',50,'REQ21Aug201803'),(149,'Kannan','kk@kk.com','5555555555','Tech Mahindra','Chennai',46,'2018-08-23','Siva',6,6,60,'7','8',59,NULL,NULL,NULL,NULL,'2018-08-23 07:33:31',1,'0000-00-00 00:00:00',NULL,21,NULL,0,'Yes',NULL,'',0,'REQ22Aug201801'),(150,'Rikky Shah','rs.rs@rs.com','9879876986','Tech Mahindra','Bangalore',45,'2018-08-22','Siva',8,8,15,'0','0',59,NULL,NULL,NULL,NULL,'2018-08-23 07:33:31',1,'0000-00-00 00:00:00',NULL,20,NULL,0,'Yes',NULL,'',0,'REQ22Aug201802'),(167,'BBB','a@a.com','1234567890','BB','Pune',39,'2018-08-09','Siva',3,0,90,'0','660000',59,4,15,NULL,NULL,'2018-08-23 07:33:31',1,'2018-08-23 07:26:52',1,21,NULL,60,'Yes',NULL,'test',61,'REQ21Aug201803'),(168,'BBB','B@c.com','3','CC','Chennai',40,'2018-08-09','TAG',3,3,90,'500000','660000',59,2,18,'0000-00-00','0000-00-00','2018-08-23 07:33:31',1,'0000-00-00 00:00:00',NULL,21,'0000-00-00',50,'Yes','0000-00-00','Test3',50,'REQ21Aug201803'),(169,'CCC','c@c.com','4','DD','Chennai',51,'2018-08-09','Siva',3,3,90,'500000','660000',59,2,18,'0000-00-00','0000-00-00','2018-08-23 07:33:31',1,'0000-00-00 00:00:00',NULL,21,'0000-00-00',50,'Yes','0000-00-00','Test4',50,'REQ21Aug201803'),(170,'Rikky','rk@rk.com','22165128','TechM','Chennai',39,'2018-08-22','Siva',8,7,60,'700000','800000',59,3,21,'0000-00-00','0000-00-00','2018-08-23 07:33:31',1,'0000-00-00 00:00:00',NULL,20,'0000-00-00',50,'Yes','0000-00-00','Test4',50,'REQ22Aug201802');
/*!40000 ALTER TABLE `profile` ENABLE KEYS */;
UNLOCK TABLES;

--
-- Table structure for table `profile_resume`
--

DROP TABLE IF EXISTS `profile_resume`;
/*!40101 SET @saved_cs_client     = @@character_set_client */;
/*!40101 SET character_set_client = utf8 */;
CREATE TABLE `profile_resume` (
  `ID` int(11) NOT NULL AUTO_INCREMENT,
  `PROFILE_ID` int(11) NOT NULL,
  `FILE_NAME` varchar(255) NOT NULL,
  `FILE_FORMAT` varchar(10) NOT NULL,
  `RESUME` blob NOT NULL,
  `CREATED_ON` timestamp NOT NULL DEFAULT CURRENT_TIMESTAMP ON UPDATE CURRENT_TIMESTAMP,
  `CREATED_BY` int(11) NOT NULL,
  `UPDATED_ON` timestamp NOT NULL DEFAULT '0000-00-00 00:00:00',
  `UPDATED_BY` int(11) DEFAULT NULL,
  PRIMARY KEY (`ID`),
  KEY `PROFILE_RESUME_PROFILE` (`PROFILE_ID`),
  KEY `PROFILE_RESUME_USER_CREATE` (`CREATED_BY`),
  KEY `PROFILE_RESUME_USER_UPDATE` (`UPDATED_BY`),
  CONSTRAINT `PROFILE_RESUME_PROFILE` FOREIGN KEY (`PROFILE_ID`) REFERENCES `profile` (`ID`),
  CONSTRAINT `PROFILE_RESUME_USER_CREATE` FOREIGN KEY (`CREATED_BY`) REFERENCES `user` (`ID`),
  CONSTRAINT `PROFILE_RESUME_USER_UPDATE` FOREIGN KEY (`UPDATED_BY`) REFERENCES `user` (`ID`)
) ENGINE=InnoDB DEFAULT CHARSET=utf8;
/*!40101 SET character_set_client = @saved_cs_client */;

--
-- Dumping data for table `profile_resume`
--

LOCK TABLES `profile_resume` WRITE;
/*!40000 ALTER TABLE `profile_resume` DISABLE KEYS */;
/*!40000 ALTER TABLE `profile_resume` ENABLE KEYS */;
UNLOCK TABLES;

--
-- Table structure for table `project_mapping`
--

DROP TABLE IF EXISTS `project_mapping`;
/*!40101 SET @saved_cs_client     = @@character_set_client */;
/*!40101 SET character_set_client = utf8 */;
CREATE TABLE `project_mapping` (
  `ID` int(11) NOT NULL AUTO_INCREMENT,
  `ACCOUNT_MAPPING_ID` int(11) NOT NULL,
  `PROJECT` int(11) NOT NULL,
  `CREATED_ON` timestamp NOT NULL DEFAULT CURRENT_TIMESTAMP ON UPDATE CURRENT_TIMESTAMP,
  `CREATED_BY` int(11) NOT NULL,
  `UPDATED_ON` timestamp NOT NULL DEFAULT '0000-00-00 00:00:00',
  `UPDATED_BY` int(11) DEFAULT NULL,
  PRIMARY KEY (`ID`),
  KEY `PROJECT_MAPPING_ACCOUNT_MAPPING` (`ACCOUNT_MAPPING_ID`),
  KEY `PROJECT_MAPPING_ADMIN_INFO_KEY_VALUE_MAPPING` (`PROJECT`),
  KEY `PROJECT_MAPPING_USER_CREATE` (`CREATED_BY`),
  KEY `PROJECT_MAPPING_USER_UPDATE` (`UPDATED_BY`),
  CONSTRAINT `PROJECT_MAPPING_ACCOUNT_MAPPING` FOREIGN KEY (`ACCOUNT_MAPPING_ID`) REFERENCES `account_mapping` (`ID`),
  CONSTRAINT `PROJECT_MAPPING_ADMIN_INFO_KEY_VALUE_MAPPING` FOREIGN KEY (`PROJECT`) REFERENCES `admin_info_key_value_mapping` (`ID`),
  CONSTRAINT `PROJECT_MAPPING_USER_CREATE` FOREIGN KEY (`CREATED_BY`) REFERENCES `user` (`ID`),
  CONSTRAINT `PROJECT_MAPPING_USER_UPDATE` FOREIGN KEY (`UPDATED_BY`) REFERENCES `user` (`ID`)
) ENGINE=InnoDB AUTO_INCREMENT=22 DEFAULT CHARSET=utf8;
/*!40101 SET character_set_client = @saved_cs_client */;

--
-- Dumping data for table `project_mapping`
--

LOCK TABLES `project_mapping` WRITE;
/*!40000 ALTER TABLE `project_mapping` DISABLE KEYS */;
INSERT INTO `project_mapping` VALUES (1,2,14,'2018-04-18 18:30:00',1,'0000-00-00 00:00:00',NULL),(2,2,15,'2018-04-18 18:30:00',1,'0000-00-00 00:00:00',NULL),(3,1,16,'2018-04-18 18:30:00',1,'0000-00-00 00:00:00',NULL),(4,1,17,'2018-04-18 18:30:00',1,'0000-00-00 00:00:00',NULL),(5,3,24,'2018-04-18 18:30:00',2,'0000-00-00 00:00:00',NULL),(6,3,25,'2018-08-01 12:24:52',2,'0000-00-00 00:00:00',NULL),(8,7,37,'2018-08-03 13:55:01',1,'0000-00-00 00:00:00',NULL),(9,10,41,'2018-08-06 05:02:53',1,'0000-00-00 00:00:00',NULL),(10,14,46,'2018-08-06 07:23:18',1,'0000-00-00 00:00:00',NULL),(11,15,25,'2018-08-06 08:07:22',1,'0000-00-00 00:00:00',NULL),(12,16,30,'2018-08-06 10:08:30',1,'0000-00-00 00:00:00',NULL),(13,1,49,'2018-08-06 10:12:07',1,'0000-00-00 00:00:00',NULL),(14,2,50,'2018-08-06 15:06:58',1,'0000-00-00 00:00:00',NULL),(15,17,52,'2018-08-09 11:40:48',1,'0000-00-00 00:00:00',NULL),(16,17,52,'2018-08-09 11:40:48',1,'0000-00-00 00:00:00',NULL),(17,17,54,'2018-08-09 11:44:18',1,'0000-00-00 00:00:00',NULL),(18,2,55,'2018-08-10 14:04:07',1,'0000-00-00 00:00:00',NULL),(19,17,56,'2018-08-22 05:56:59',1,'0000-00-00 00:00:00',NULL),(20,3,57,'2018-08-22 06:17:07',1,'0000-00-00 00:00:00',NULL),(21,3,58,'2018-08-22 06:47:00',1,'0000-00-00 00:00:00',NULL);
/*!40000 ALTER TABLE `project_mapping` ENABLE KEYS */;
UNLOCK TABLES;

--
-- Table structure for table `requirement`
--

DROP TABLE IF EXISTS `requirement`;
/*!40101 SET @saved_cs_client     = @@character_set_client */;
/*!40101 SET character_set_client = utf8 */;
CREATE TABLE `requirement` (
  `ID` varchar(14) NOT NULL,
  `CRITICALITY` int(11) DEFAULT NULL,
  `SKILL_CATEGORY` int(11) DEFAULT NULL,
  `PRIMARY_SKILL` int(11) DEFAULT NULL,
  `JOB_DESCRIPTION` varchar(255) DEFAULT NULL,
  `LOCATION` int(11) DEFAULT NULL,
  `CITY` varchar(255) DEFAULT NULL,
  `BILLING_RATE` double(5,2) DEFAULT NULL,
  `INTIMATION_DATE` timestamp NULL DEFAULT CURRENT_TIMESTAMP ON UPDATE CURRENT_TIMESTAMP,
  `INTIMATED_BY` varchar(255) DEFAULT NULL,
  `INTIMATOR_EMAIL` varchar(255) DEFAULT NULL,
  `INTIMATION_MODE` int(11) DEFAULT NULL,
  `REQUIREMENT_TYPE` int(11) DEFAULT NULL,
  `EXPECTED_DOJ` date DEFAULT NULL,
  `ACTUAL_CLOSURE_DATE` date DEFAULT NULL,
  `SO` int(11) NOT NULL,
  `JO` int(11) NOT NULL,
  `SHORTLISTED_PROFILE_ID` varchar(100) DEFAULT NULL,
  `STATUS` int(11) DEFAULT NULL,
  `ACTIVITY_OWNER` varchar(255) DEFAULT NULL,
  `ACTIVITY_OWNER_EMAIL` varchar(255) DEFAULT NULL,
  `ACTUAL_OWNER` varchar(255) DEFAULT NULL,
  `ACTUAL_OWNER_EMAIL` varchar(255) DEFAULT NULL,
  `REMARKS` varchar(500) DEFAULT NULL,
  `ACCOUNT` int(11) DEFAULT NULL,
  `PROJECT` int(11) DEFAULT NULL,
  `CREATED_ON` timestamp NULL DEFAULT '0000-00-00 00:00:00',
  `CREATED_BY` int(11) DEFAULT NULL,
  `UPDATED_ON` timestamp NULL DEFAULT '0000-00-00 00:00:00',
  `UPDATED_BY` int(11) DEFAULT NULL,
  `BAND` varchar(45) DEFAULT NULL,
  `QUANTITY` int(11) DEFAULT NULL,
  `IBG_CDG` int(11) DEFAULT NULL,
  `IBU_CDU` int(11) DEFAULT NULL,
  `PROJECT_DURATION` int(11) DEFAULT NULL,
  `PID_CRMID_SO` varchar(100) DEFAULT NULL,
  `YEAR_EXPERIENCE` int(11) DEFAULT NULL,
  `OPPORTUNITY_STATUS` int(11) DEFAULT NULL,
  `SKILL_CATEGORY2` varchar(60) DEFAULT NULL,
  `SKILL_CATEGORY3` varchar(60) DEFAULT NULL,
  `SKILL_CATEGORY4` varchar(60) DEFAULT NULL,
  PRIMARY KEY (`ID`),
  KEY `REQUIREMENT_ACCOUNT_MAPPING` (`ACCOUNT`),
  KEY `REQUIREMENT_PROJECT_MAPPING` (`PROJECT`),
  KEY `REQUIREMENT_CRITICALITY` (`CRITICALITY`),
  KEY `REQUIREMENT_OPPORTUNITY_STATUS` (`STATUS`),
  KEY `REQUIREMENT_P_SKILL` (`PRIMARY_SKILL`),
  KEY `REQUIREMENT_PROFILE` (`SHORTLISTED_PROFILE_ID`),
  KEY `REQUIREMENT_SKILL` (`SKILL_CATEGORY`),
  KEY `REQUIREMENT_TYPE` (`REQUIREMENT_TYPE`),
  KEY `REQUIREMENT_USER_CREATE` (`CREATED_BY`),
  KEY `REQUIREMENT_USER_UPDATE` (`UPDATED_BY`),
  KEY `REQUIREMENT_MODE` (`INTIMATION_MODE`),
  KEY `REQUIREMENT_LOCATION` (`LOCATION`),
  KEY `REQUIREMENT_IBG_idx` (`IBG_CDG`),
  KEY `REQUIREMENT_IBU_idx` (`IBU_CDU`),
  CONSTRAINT `REQUIREMENT_ACCOUNT_MAPPING` FOREIGN KEY (`ACCOUNT`) REFERENCES `account_mapping` (`ID`),
  CONSTRAINT `REQUIREMENT_CRITICALITY` FOREIGN KEY (`CRITICALITY`) REFERENCES `config_key_value_mapping` (`ID`),
  CONSTRAINT `REQUIREMENT_IBG` FOREIGN KEY (`IBG_CDG`) REFERENCES `admin_info_key_value_mapping` (`ID`),
  CONSTRAINT `REQUIREMENT_IBU` FOREIGN KEY (`IBU_CDU`) REFERENCES `admin_info_key_value_mapping` (`ID`),
  CONSTRAINT `REQUIREMENT_LOCATION` FOREIGN KEY (`LOCATION`) REFERENCES `config_key_value_mapping` (`ID`),
  CONSTRAINT `REQUIREMENT_MODE` FOREIGN KEY (`INTIMATION_MODE`) REFERENCES `config_key_value_mapping` (`ID`),
  CONSTRAINT `REQUIREMENT_OPPORTUNITY_STATUS` FOREIGN KEY (`STATUS`) REFERENCES `config_key_value_mapping` (`ID`),
  CONSTRAINT `REQUIREMENT_PROJECT_MAPPING` FOREIGN KEY (`PROJECT`) REFERENCES `project_mapping` (`ID`),
  CONSTRAINT `REQUIREMENT_P_SKILL` FOREIGN KEY (`PRIMARY_SKILL`) REFERENCES `config_key_value_mapping` (`ID`),
  CONSTRAINT `REQUIREMENT_SKILL` FOREIGN KEY (`SKILL_CATEGORY`) REFERENCES `config_key_value_mapping` (`ID`),
  CONSTRAINT `REQUIREMENT_TYPE` FOREIGN KEY (`REQUIREMENT_TYPE`) REFERENCES `config_key_value_mapping` (`ID`),
  CONSTRAINT `REQUIREMENT_USER_CREATE` FOREIGN KEY (`CREATED_BY`) REFERENCES `user` (`ID`),
  CONSTRAINT `REQUIREMENT_USER_UPDATE` FOREIGN KEY (`UPDATED_BY`) REFERENCES `user` (`ID`)
) ENGINE=InnoDB DEFAULT CHARSET=utf8;
/*!40101 SET character_set_client = @saved_cs_client */;

--
-- Dumping data for table `requirement`
--

LOCK TABLES `requirement` WRITE;
/*!40000 ALTER TABLE `requirement` DISABLE KEYS */;
INSERT INTO `requirement` VALUES ('REQ20Aug201801',1,51,40,'test',5,'KANCHIPURAM',45.00,'2018-08-19 18:30:00','Leena','leena@techm.com',8,11,'2018-08-16','2018-08-30',123,12,NULL,15,NULL,NULL,NULL,NULL,NULL,10,9,'2018-08-20 10:14:19',1,'0000-00-00 00:00:00',NULL,'U4',2,8,9,20,'1234',5,30,'test','test','test'),('REQ21Aug201801',2,54,39,'test',6,'Chennai',30.00,'2018-08-23 18:30:00','Siva','abc@te.com',8,12,'2018-08-21','2018-08-24',123,123,NULL,17,'','','','','TEst on CE',3,5,'2018-08-21 09:51:26',1,'2018-08-21 10:55:44',1,'U4',2,8,9,3,'1234',3,30,'test','',''),('REQ21Aug201802',1,55,45,'Test',5,'Bangalore',45.00,'2018-08-20 18:30:00','Leena','leena@gmail.com',8,10,'2018-08-21','2018-08-31',123,123,NULL,15,NULL,NULL,NULL,NULL,NULL,1,13,'2018-08-21 10:58:18',1,'0000-00-00 00:00:00',NULL,'U3',4,8,9,30,'12',5,30,'SAP','',''),('REQ21Aug201803',1,55,45,'Test',5,'Bangalore',45.00,'2018-08-20 18:30:00','Leena','leena@gmail.com',8,10,'2018-08-21','2018-08-31',123,123,NULL,15,NULL,NULL,NULL,NULL,NULL,1,13,'2018-08-21 10:58:33',1,'0000-00-00 00:00:00',NULL,'U3',4,8,9,30,'12',5,30,'SAP','',''),('REQ21Aug201804',1,55,45,'Test',5,'Bangalore',45.00,'2018-08-20 18:30:00','Leena','leena@gmail.com',8,10,'2018-08-21','2018-08-31',123,123,NULL,15,NULL,NULL,NULL,NULL,NULL,1,13,'2018-08-21 10:58:41',1,'0000-00-00 00:00:00',NULL,'U3',4,8,9,30,'12',5,30,'SAP','',''),('REQ22Aug201801',2,45,45,'S/4 HANA Implementation',6,'Chennai',27.00,'2018-08-21 18:30:00','Ashok','aaa@aa.com',7,10,'2018-09-26','2019-03-27',324240,1172812,NULL,15,NULL,NULL,NULL,NULL,NULL,17,19,'2018-08-22 05:56:59',1,'0000-00-00 00:00:00',NULL,'U3',2,8,9,6,'304141',7,30,'HANA','S/4 HANA','S/4 HANA'),('REQ22Aug201802',1,56,57,'VMWare',5,'Irvine, CA',64.00,'2018-08-21 18:30:00','Raj','rk@rk.com',7,11,'2018-08-29','2018-12-31',65465456,365431258,NULL,15,NULL,NULL,NULL,NULL,NULL,3,20,'2018-08-22 06:17:07',1,'0000-00-00 00:00:00',NULL,'U4',3,8,9,8,'56454',5,30,'VMWare Admin','VMWare Mgmt','VMWare 4.0');
/*!40000 ALTER TABLE `requirement` ENABLE KEYS */;
UNLOCK TABLES;

--
-- Table structure for table `requirement_profile_mapping`
--

DROP TABLE IF EXISTS `requirement_profile_mapping`;
/*!40101 SET @saved_cs_client     = @@character_set_client */;
/*!40101 SET character_set_client = utf8 */;
CREATE TABLE `requirement_profile_mapping` (
  `ID` int(11) NOT NULL AUTO_INCREMENT,
  `REQUIREMENT_ID` varchar(14) NOT NULL,
  `PROFILE_ID` int(11) NOT NULL,
  `INTERNAL_EVALUATION_RESULT` int(11) DEFAULT NULL,
  `CUSTOMER_INTERVIEW_STATUS` int(11) DEFAULT NULL,
  `REMARKS` varchar(500) DEFAULT NULL,
  `CREATED_ON` timestamp NOT NULL DEFAULT CURRENT_TIMESTAMP ON UPDATE CURRENT_TIMESTAMP,
  `CREATED_BY` int(11) NOT NULL,
  `UPDATED_ON` timestamp NOT NULL DEFAULT '0000-00-00 00:00:00',
  `UPDATED_BY` int(11) DEFAULT NULL,
  PRIMARY KEY (`ID`),
  KEY `REQUIREMENT_CUSTOMER` (`CUSTOMER_INTERVIEW_STATUS`),
  KEY `REQUIREMENT_INTERNAL` (`INTERNAL_EVALUATION_RESULT`),
  KEY `REQUIREMENT_PROFILE_MAPPING_PROFILE` (`PROFILE_ID`),
  KEY `REQUIREMENT_PROFILE_MAPPING_REQUIREMENT` (`REQUIREMENT_ID`),
  KEY `REQUIREMENT_PROFILE_MAPPING_USER_CREATE` (`CREATED_BY`),
  KEY `REQUIREMENT_PROFILE_MAPPING_USER_UPDATE` (`UPDATED_BY`),
  CONSTRAINT `REQUIREMENT_CUSTOMER` FOREIGN KEY (`CUSTOMER_INTERVIEW_STATUS`) REFERENCES `config_key_value_mapping` (`ID`) ON DELETE NO ACTION ON UPDATE NO ACTION,
  CONSTRAINT `REQUIREMENT_INTERNAL` FOREIGN KEY (`INTERNAL_EVALUATION_RESULT`) REFERENCES `config_key_value_mapping` (`ID`) ON DELETE NO ACTION ON UPDATE NO ACTION,
  CONSTRAINT `REQUIREMENT_PROFILE_MAPPING_PROFILE` FOREIGN KEY (`PROFILE_ID`) REFERENCES `profile` (`ID`),
  CONSTRAINT `REQUIREMENT_PROFILE_MAPPING_REQUIREMENT` FOREIGN KEY (`REQUIREMENT_ID`) REFERENCES `requirement` (`ID`),
  CONSTRAINT `REQUIREMENT_PROFILE_MAPPING_USER_CREATE` FOREIGN KEY (`CREATED_BY`) REFERENCES `user` (`ID`),
  CONSTRAINT `REQUIREMENT_PROFILE_MAPPING_USER_UPDATE` FOREIGN KEY (`UPDATED_BY`) REFERENCES `user` (`ID`)
) ENGINE=InnoDB AUTO_INCREMENT=279 DEFAULT CHARSET=utf8;
/*!40101 SET character_set_client = @saved_cs_client */;

--
-- Dumping data for table `requirement_profile_mapping`
--

LOCK TABLES `requirement_profile_mapping` WRITE;
/*!40000 ALTER TABLE `requirement_profile_mapping` DISABLE KEYS */;
INSERT INTO `requirement_profile_mapping` VALUES (270,'REQ21Aug201801',139,26,28,'test','2018-08-21 11:28:55',1,'0000-00-00 00:00:00',NULL),(271,'REQ21Aug201801',139,50,50,'test','2018-08-21 14:50:53',1,'0000-00-00 00:00:00',NULL),(272,'REQ22Aug201801',149,50,50,'','2018-08-22 06:04:03',1,'0000-00-00 00:00:00',NULL),(273,'REQ22Aug201802',150,50,50,'','2018-08-22 06:26:58',1,'0000-00-00 00:00:00',NULL),(278,'REQ22Aug201802',170,26,26,'Test4','2018-08-22 09:36:33',1,'0000-00-00 00:00:00',NULL);
/*!40000 ALTER TABLE `requirement_profile_mapping` ENABLE KEYS */;
UNLOCK TABLES;

--
-- Table structure for table `user`
--

DROP TABLE IF EXISTS `user`;
/*!40101 SET @saved_cs_client     = @@character_set_client */;
/*!40101 SET character_set_client = utf8 */;
CREATE TABLE `user` (
  `ID` int(11) NOT NULL AUTO_INCREMENT,
  `NAME` varchar(255) NOT NULL,
  `EMAIL` varchar(255) NOT NULL,
  `CONTACT_NO` varchar(10) DEFAULT NULL,
  `PASSWORD` varchar(8) DEFAULT NULL,
  `CREATED_ON` timestamp NOT NULL DEFAULT CURRENT_TIMESTAMP ON UPDATE CURRENT_TIMESTAMP,
  `CREATED_BY` int(11) NOT NULL,
  `UPDATED_ON` timestamp NOT NULL DEFAULT '0000-00-00 00:00:00',
  `UPDATED_BY` int(11) DEFAULT NULL,
  PRIMARY KEY (`ID`),
  UNIQUE KEY `USER_AK_1` (`EMAIL`),
  KEY `USER_USER_CREATE` (`CREATED_BY`),
  KEY `USER_USER_UPDATE` (`UPDATED_BY`),
  CONSTRAINT `USER_USER_CREATE` FOREIGN KEY (`CREATED_BY`) REFERENCES `user` (`ID`),
  CONSTRAINT `USER_USER_UPDATE` FOREIGN KEY (`UPDATED_BY`) REFERENCES `user` (`ID`)
) ENGINE=InnoDB AUTO_INCREMENT=4 DEFAULT CHARSET=utf8;
/*!40101 SET character_set_client = @saved_cs_client */;

--
-- Dumping data for table `user`
--

LOCK TABLES `user` WRITE;
/*!40000 ALTER TABLE `user` DISABLE KEYS */;
INSERT INTO `user` VALUES (1,'Sangeetha Selvakumar','ss00474123@techmahindra.com','9962597225','sange@19','2018-08-22 13:53:48',1,'0000-00-00 00:00:00',NULL),(2,'Agalya Sivasubramanian','as00490953@TechMahindra.com','1234567890','agal1234','2018-08-23 07:01:03',2,'0000-00-00 00:00:00',NULL),(3,'Saranya Palanisamy','ss00425154@Techmahindra.com','9898989898','sangavi','2018-08-22 13:53:48',2,'0000-00-00 00:00:00',NULL);
/*!40000 ALTER TABLE `user` ENABLE KEYS */;
UNLOCK TABLES;

--
-- Table structure for table `user_page_permission`
--

DROP TABLE IF EXISTS `user_page_permission`;
/*!40101 SET @saved_cs_client     = @@character_set_client */;
/*!40101 SET character_set_client = utf8 */;
CREATE TABLE `user_page_permission` (
  `ID` int(11) NOT NULL AUTO_INCREMENT,
  `USER_ROLE_MAPPING_ID` int(11) NOT NULL,
  `PAGE` int(11) NOT NULL,
  `PERMISSION` varchar(25) NOT NULL,
  `CREATED_ON` timestamp NOT NULL DEFAULT CURRENT_TIMESTAMP ON UPDATE CURRENT_TIMESTAMP,
  `CREATED_BY` int(11) NOT NULL,
  `UPDATED_ON` timestamp NOT NULL DEFAULT '0000-00-00 00:00:00',
  `UPDATED_BY` int(11) DEFAULT NULL,
  PRIMARY KEY (`ID`),
  KEY `USER_PAGE_PERMISSION_USER_ROLE_MAPPING` (`USER_ROLE_MAPPING_ID`),
  KEY `USER_PAGE_PERMISSION` (`PERMISSION`),
  KEY `USER_PAGE_PERMISSION_PAGE` (`PAGE`),
  KEY `USER_PAGE_PERMISSION_USER_CREATE` (`CREATED_BY`),
  KEY `USER_PAGE_PERMISSION_USER_UPDATE` (`UPDATED_BY`),
  CONSTRAINT `USER_PAGE_PERMISSION_PAGE` FOREIGN KEY (`PAGE`) REFERENCES `admin_info_key_value_mapping` (`ID`),
  CONSTRAINT `USER_PAGE_PERMISSION_USER_CREATE` FOREIGN KEY (`CREATED_BY`) REFERENCES `user` (`ID`),
  CONSTRAINT `USER_PAGE_PERMISSION_USER_ROLE_MAPPING` FOREIGN KEY (`USER_ROLE_MAPPING_ID`) REFERENCES `user_role_mapping` (`ID`),
  CONSTRAINT `USER_PAGE_PERMISSION_USER_UPDATE` FOREIGN KEY (`UPDATED_BY`) REFERENCES `user` (`ID`)
) ENGINE=InnoDB DEFAULT CHARSET=utf8;
/*!40101 SET character_set_client = @saved_cs_client */;

--
-- Dumping data for table `user_page_permission`
--

LOCK TABLES `user_page_permission` WRITE;
/*!40000 ALTER TABLE `user_page_permission` DISABLE KEYS */;
/*!40000 ALTER TABLE `user_page_permission` ENABLE KEYS */;
UNLOCK TABLES;

--
-- Table structure for table `user_role_account_mapping`
--

DROP TABLE IF EXISTS `user_role_account_mapping`;
/*!40101 SET @saved_cs_client     = @@character_set_client */;
/*!40101 SET character_set_client = utf8 */;
CREATE TABLE `user_role_account_mapping` (
  `ID` int(11) NOT NULL AUTO_INCREMENT,
  `USER_ROLE_ID` int(11) NOT NULL,
  `ACCOUNT_ID` int(11) NOT NULL,
  `CREATED_ON` timestamp NOT NULL DEFAULT CURRENT_TIMESTAMP ON UPDATE CURRENT_TIMESTAMP,
  `CREATED_BY` int(11) NOT NULL,
  `UPDATED_ON` timestamp NOT NULL DEFAULT '0000-00-00 00:00:00',
  `UPDATED_BY` int(11) DEFAULT NULL,
  PRIMARY KEY (`ID`),
  KEY `user_role_account_mapping_USER_ROLE` (`USER_ROLE_ID`),
  KEY `user_role_account_mapping_ACCOUNT` (`ACCOUNT_ID`),
  KEY `user_role_account_mapping_CREATE` (`CREATED_BY`),
  KEY `user_role_account_mapping_UPDATE` (`UPDATED_BY`),
  CONSTRAINT `user_role_account_mapping_ACCOUNT` FOREIGN KEY (`ACCOUNT_ID`) REFERENCES `account_mapping` (`ID`),
  CONSTRAINT `user_role_account_mapping_CREATE` FOREIGN KEY (`CREATED_BY`) REFERENCES `user` (`ID`),
  CONSTRAINT `user_role_account_mapping_UPDATE` FOREIGN KEY (`UPDATED_BY`) REFERENCES `user` (`ID`),
  CONSTRAINT `user_role_account_mapping_USER_ROLE` FOREIGN KEY (`USER_ROLE_ID`) REFERENCES `user_role_mapping` (`ID`)
) ENGINE=InnoDB AUTO_INCREMENT=11 DEFAULT CHARSET=utf8;
/*!40101 SET character_set_client = @saved_cs_client */;

--
-- Dumping data for table `user_role_account_mapping`
--

LOCK TABLES `user_role_account_mapping` WRITE;
/*!40000 ALTER TABLE `user_role_account_mapping` DISABLE KEYS */;
INSERT INTO `user_role_account_mapping` VALUES (1,1,1,'2018-05-11 18:30:00',1,'0000-00-00 00:00:00',NULL),(2,1,2,'2018-05-11 18:30:00',1,'0000-00-00 00:00:00',NULL),(3,1,3,'2018-05-11 18:30:00',1,'0000-00-00 00:00:00',NULL),(4,1,4,'2018-05-11 18:30:00',1,'0000-00-00 00:00:00',NULL),(5,2,3,'2018-07-06 10:35:04',2,'0000-00-00 00:00:00',NULL),(6,2,4,'2018-06-28 18:30:00',2,'0000-00-00 00:00:00',NULL),(7,3,1,'2018-06-28 18:30:00',3,'0000-00-00 00:00:00',NULL),(8,3,9,'2018-08-19 18:30:00',1,'0000-00-00 00:00:00',NULL),(9,3,10,'2018-08-19 18:30:00',1,'0000-00-00 00:00:00',NULL),(10,1,17,'2018-08-19 18:30:00',1,'0000-00-00 00:00:00',NULL);
/*!40000 ALTER TABLE `user_role_account_mapping` ENABLE KEYS */;
UNLOCK TABLES;

--
-- Table structure for table `user_role_mapping`
--

DROP TABLE IF EXISTS `user_role_mapping`;
/*!40101 SET @saved_cs_client     = @@character_set_client */;
/*!40101 SET character_set_client = utf8 */;
CREATE TABLE `user_role_mapping` (
  `ID` int(11) NOT NULL AUTO_INCREMENT,
  `USER_ID` int(11) NOT NULL,
  `ROLE` int(11) NOT NULL,
  `CREATED_ON` timestamp NOT NULL DEFAULT CURRENT_TIMESTAMP ON UPDATE CURRENT_TIMESTAMP,
  `CREATED_BY` int(11) NOT NULL,
  `UPDATED_ON` timestamp NOT NULL DEFAULT '0000-00-00 00:00:00',
  `UPDATED_BY` int(11) DEFAULT NULL,
  PRIMARY KEY (`ID`),
  KEY `USER_ROLE_MAPPING_USER` (`USER_ID`),
  KEY `USER_ROLE_MAPPING_ROLE` (`ROLE`),
  KEY `USER_ROLE_MAPPING_USER_CREATE` (`CREATED_BY`),
  KEY `USER_ROLE_MAPPING_USER_UPDATE` (`UPDATED_BY`),
  CONSTRAINT `USER_ROLE_MAPPING_ROLE` FOREIGN KEY (`ROLE`) REFERENCES `admin_info_key_value_mapping` (`ID`),
  CONSTRAINT `USER_ROLE_MAPPING_USER` FOREIGN KEY (`USER_ID`) REFERENCES `user` (`ID`),
  CONSTRAINT `USER_ROLE_MAPPING_USER_CREATE` FOREIGN KEY (`CREATED_BY`) REFERENCES `user` (`ID`),
  CONSTRAINT `USER_ROLE_MAPPING_USER_UPDATE` FOREIGN KEY (`UPDATED_BY`) REFERENCES `user` (`ID`)
) ENGINE=InnoDB AUTO_INCREMENT=4 DEFAULT CHARSET=utf8;
/*!40101 SET character_set_client = @saved_cs_client */;

--
-- Dumping data for table `user_role_mapping`
--

LOCK TABLES `user_role_mapping` WRITE;
/*!40000 ALTER TABLE `user_role_mapping` DISABLE KEYS */;
INSERT INTO `user_role_mapping` VALUES (1,1,2,'2018-04-18 18:30:00',1,'0000-00-00 00:00:00',NULL),(2,2,3,'2018-06-28 18:30:00',2,'0000-00-00 00:00:00',NULL),(3,3,4,'2018-06-28 18:30:00',3,'0000-00-00 00:00:00',NULL);
/*!40000 ALTER TABLE `user_role_mapping` ENABLE KEYS */;
UNLOCK TABLES;
/*!40103 SET TIME_ZONE=@OLD_TIME_ZONE */;

/*!40101 SET SQL_MODE=@OLD_SQL_MODE */;
/*!40014 SET FOREIGN_KEY_CHECKS=@OLD_FOREIGN_KEY_CHECKS */;
/*!40014 SET UNIQUE_CHECKS=@OLD_UNIQUE_CHECKS */;
/*!40101 SET CHARACTER_SET_CLIENT=@OLD_CHARACTER_SET_CLIENT */;
/*!40101 SET CHARACTER_SET_RESULTS=@OLD_CHARACTER_SET_RESULTS */;
/*!40101 SET COLLATION_CONNECTION=@OLD_COLLATION_CONNECTION */;
/*!40111 SET SQL_NOTES=@OLD_SQL_NOTES */;

-- Dump completed on 2018-08-23 16:27:24
